method	params
eth_sendRawTransaction	0xf86d8086d55698372431831e8480940b05169977033095e722d4833099ed18d52cb4e68502540be40080824a91a06fae8e23c8472ee4945b02e8cea7072eafb77180864cfe1c2d0581ef4816f328a0190916e092b4dc636dc59709ef855744c0a85c71c5ed720e54f90898f3006805
eth_sendRawTransaction	0xf86d8086d55698372431831e8480940b05169977033095e722d4833099ed18d52cb4e68502540be40080824a92a03b277a92c4dfd685536ff6ec0a9e8f4aaa989d4ec84f2fa4b713e536c7c68798a05eda899bfd292c1c978d97a60651d99c190acab97451d75b945c8bdc47400ad9
eth_sendRawTransaction	0xf86d8086d55698372431831e8480940b05169977033095e722d4833099ed18d52cb4e68502540be40080824a92a063ddeb390b95bf42ad3c4d66cdc9a4f714cb22a8156e462208347e7a8e465667a068abc1b5ea83f0f4db1e8f53041f6ee8b7f0b4bc89040d831c4c59f2cbeed5a0
eth_sendRawTransaction	0xf86d8086d55698372431831e8480940b05169977033095e722d4833099ed18d52cb4e68502540be40080824a91a0f5c8c9c42581e06fe8a88eff2e7cb9f7dc1c28fa34fe452fca680636a47ffa75a02a783c9b3c3ed1e636b7af1cb9fc893f16957426ea0e67330e0750a9c1a04a9b
eth_sendRawTransaction	0xf86d8086d55698372431831e8480940b05169977033095e722d4833099ed18d52cb4e68502540be40080824a92a0a84a66c6987d93ec181218a5d0844067affd2ac83ec13d8e8bb5204bdbd5f5d9a06452f9f6a26c09041927eed8752c6e444ab172fb177f202d19f3bc8e04ef9046
eth_sendRawTransaction	0xf86d8086d55698372431831e8480940b05169977033095e722d4833099ed18d52cb4e68502540be40080824a91a002d33d19d738af1f8bb538e3c378cf0a6cdef4dfa2778c7707e744934669070ea009b0ccbe5864476651e2ea1af4e4ec8cd57a328d538df4aebb6c5bf06fa18630
eth_sendRawTransaction	0xf86d8086d55698372431831e8480940b05169977033095e722d4833099ed18d52cb4e68502540be40080824a92a0a29496948879eb9adcc8f391d705e6005046277993f31048a7bd9a403232fd6ca03f79f6a24e97e1f704a5347bda9c0e13be65157172829b43d324809def789f24
eth_sendRawTransaction	0xf86d8086d55698372431831e8480940b05169977033095e722d4833099ed18d52cb4e68502540be40080824a91a05d1edbea11dcb1d2b0c7798006ed6f82166fdbe26996f4b3475dc26c1c0c4b24a02d54f0c20eef8db8dcb8b0742f90241cae7b8ce91a588fc0f84996f5ad316bf8
eth_sendRawTransaction	0xf86d8086d55698372431831e8480940b05169977033095e722d4833099ed18d52cb4e68502540be40080824a92a0214e5098a7b77103a86de24edd45d597c52a6b4f5982c5525f81a1e5e508af13a05229ae4753a62318e199cf1cb5a9ed936b793235eb260f138b642c138d67aaca
eth_sendRawTransaction	0xf86d8086d55698372431831e8480940b05169977033095e722d4833099ed18d52cb4e68502540be40080824a91a0121f3871268ddd4a9267d7d32c3aa3ecbf9679cc489a992616eb69aaf6a504b0a03494b498519c37f1869a28148b4bc72f785f9bd826ca3ab91fad2afab5f343dc
eth_sendRawTransaction	0xf86d8086d55698372431831e8480940b05169977033095e722d4833099ed18d52cb4e68502540be40080824a92a06d61751757917f56d0bfebd0d52ca2b8894dfaaccc5379273d9074a0f92b2477a038fb92a3ef59176d9396820e7d11040a6c3d38c122ea3bd0a40df5aa02b7614c
eth_sendRawTransaction	0xf86d8086d55698372431831e8480940b05169977033095e722d4833099ed18d52cb4e68502540be40080824a91a0876e343b4feedd71787f4161ced6c96c280738d4ae41e3a9f68d713cc63e77d8a054429e2e2f3fcc74d2904b1f375536240d64ce09781a0a85d38d0fc36d6afe59
eth_sendRawTransaction	0xf86d8086d55698372431831e8480940b05169977033095e722d4833099ed18d52cb4e68502540be40080824a92a096a418e8bdae0487ea43de5bf92cbd9a44e36007bf73b16b6fde498c317cd375a01b4e037adea2f2974ddcfd5f0ffc3e8ffa3c832060eabd24d0c0713ed357f8dc
eth_sendRawTransaction	0xf86d8086d55698372431831e8480940b05169977033095e722d4833099ed18d52cb4e68502540be40080824a91a0c665f0e63b2f524c6f696d7bdaaf668f8cf2bf3cbc46cdc1806a2506b9e58699a045c8bbad2ad66240108655614dd0c62ffed4e0f8906b2e03aa5e82100eb62bf0
eth_sendRawTransaction	0xf86d8086d55698372431831e8480940b05169977033095e722d4833099ed18d52cb4e68502540be40080824a92a0711a15e8cf88c47d53cbdd6f3501a25a3302b393b9ccd0f1e60b3e035f6ff7e6a024d58f51ae432d4683f579dfd944eec376eacb4d20d40a28b767f39ccdae0fae
eth_sendRawTransaction	0xf86d8086d55698372431831e8480940b05169977033095e722d4833099ed18d52cb4e68502540be40080824a92a0257a4f535380f8eb5b58281dbb8dc6cefbdd0fa7000388b5ede20646185e9fbda04428d0221c53fe837ff32bfa359f2bee53a863a04139b55d33f63c18fec6fcf7
eth_sendRawTransaction	0xf86d8086d55698372431831e8480940b05169977033095e722d4833099ed18d52cb4e68502540be40080824a92a049d4087540166768779cfd03927b9f348b22ade10486c5185d561fac776595d2a05fc4dc185961a6af4df368611e62819d5d2fad2655846e14d3c9603537513064
eth_sendRawTransaction	0xf86d8086d55698372431831e8480940b05169977033095e722d4833099ed18d52cb4e68502540be40080824a91a0f428adeeef72049f90841d8bfa838bbc1db41dd096bfb3ac13c37664e9db0039a0654b628db25dd5f1ef60bb83c4575a280478b28157cf6f3b75de45649c784092
eth_sendRawTransaction	0xf86d8086d55698372431831e8480940b05169977033095e722d4833099ed18d52cb4e68502540be40080824a92a0be22fccd91eb5f91895f38cd963ba127b5afc4eced37d19dd79763a4a8861773a00d4723201d7b9a61cf8e1e3a6d5edbc06e0c25aeb9f69407288ceb52c7e045ad
eth_sendRawTransaction	0xf86d8086d55698372431831e8480940b05169977033095e722d4833099ed18d52cb4e68502540be40080824a92a00fa7d25c0472a6a0a2ae249ef20c05418e5c6d197a64c63e1dad4325d6ce15afa0496fe164e087d56de4b0b774bd9ac2af2f89fdcfaac53a88ea460ead044e7709
eth_sendRawTransaction	0xf86d8086d55698372431831e8480940b05169977033095e722d4833099ed18d52cb4e68502540be40080824a92a069acfba7da4082d8bffcf01e815a77e4237481df23686f5328c555c98fa98ff7a027374ebc8ec16680c89920b37e3087560223276ed2f2242379b10f86a6ee19c6
eth_sendRawTransaction	0xf86d8086d55698372431831e8480940b05169977033095e722d4833099ed18d52cb4e68502540be40080824a92a04f7c6df2ab55cb7d84cda60903a89f8da201020f0421f6222c9929ada67a3cfba03a2fd8a196d267ceef5dd642ff59641d1d86b11cdbbccf5d0b6c8f77ea29430c
eth_sendRawTransaction	0xf86d8086d55698372431831e8480940b05169977033095e722d4833099ed18d52cb4e68502540be40080824a92a04a00051a5849cf1c8e3ee77716d15f1e345418bc8fb0614ed1f24c5faea04409a07d90ade77d12a937b47b83596670390de7bc554be8f69f1d20a2f1996c304de2
eth_sendRawTransaction	0xf86d8086d55698372431831e8480940b05169977033095e722d4833099ed18d52cb4e68502540be40080824a91a0c66b54849a38dcbb9fec989caa516a16da05fe97021f083ad5e43745e45c2ccea0749d24550f38b263c68d0543569dc21dfc329d44b860eed6df858ad102892ae3
eth_sendRawTransaction	0xf86d8086d55698372431831e8480940b05169977033095e722d4833099ed18d52cb4e68502540be40080824a92a050549a8a063a48246b95f0df5a6f126d2f0d94e8cc7030e1676df0bc40139fb0a0751fe273c6c0807a6f1d3075fb217e62ca53066965709c042050528a0adc3869
eth_sendRawTransaction	0xf86c8086d55698372431831e8480940b05169977033095e722d4833099ed18d52cb4e68502540be40080824a929f03ea1b8f65a79920a5ac013ffbbb2a4df3616d6a65590ab1e75a16ff2b304aa01cc4f8d055d5704475587620e9af9e1ec423e6e9d60894a52689f64f0bf4924f
eth_sendRawTransaction	0xf86d8086d55698372431831e8480940b05169977033095e722d4833099ed18d52cb4e68502540be40080824a92a0a15832e869c316f0648e815c36fbfe5c930055879eece20f1ab0e21e3a51556fa0570ee598955f5309907945b6f34c4e626ad827d70c64be5eb7c4a6e2bbcf1bcf
eth_sendRawTransaction	0xf86d8086d55698372431831e8480940b05169977033095e722d4833099ed18d52cb4e68502540be40080824a92a0a7fc213a92dc74619d4d7723938158994af224bfee433e677d6349cd09b0da36a00206f2b9db482cc8b0c3e8787a843a98d8e49db4858717a2cd0cf87dd2866618
eth_sendRawTransaction	0xf86d8086d55698372431831e8480940b05169977033095e722d4833099ed18d52cb4e68502540be40080824a92a001b2818ea1ec03fad9905ebfc66cee7467305b13f5856dbf3f062b183aa5c8d4a003535953be424007efe7025aa1926ad72b565a7941cb48978ec47a54565724b4
eth_sendRawTransaction	0xf86d8086d55698372431831e8480940b05169977033095e722d4833099ed18d52cb4e68502540be40080824a91a0a4e9ed3b5c8860051a882992ee81bbfec84a49fe60bab891a7b17799603a8bb5a0155c0142ab424d2e1ecb52a9dd97242fd4c1d0f968a3b4f58b1c218ae719cb1c
eth_sendRawTransaction	0xf86d8086d55698372431831e8480940b05169977033095e722d4833099ed18d52cb4e68502540be40080824a91a0d3c7e2366cfaf9fd89a3da2769a1814f8f899cfbbf06c23f0abd0d9834cb090aa03c083ac31aef4fefdc568dc9a68ab6360c0aa16454f47c605b137ffb6091c658
eth_sendRawTransaction	0xf86d8086d55698372431831e8480940b05169977033095e722d4833099ed18d52cb4e68502540be40080824a91a0da203ce1cdda539e9f13ff2615de684edc8147c174d49c7228179959665044e2a0395f05147a7967ef12586bdc6a556690b6ad59f60c3de2ceaaa70825cd2abb81
eth_sendRawTransaction	0xf86d8086d55698372431831e8480940b05169977033095e722d4833099ed18d52cb4e68502540be40080824a91a0d7e1d11bdbc34fcd78270bf60e0a5a126e24b54346f45dcade0830908fd73779a0398bcbe4ea093394978ac6e573dc26b9b317f808fcd07ff908c574df5d54b089
eth_sendRawTransaction	0xf86d8086d55698372431831e8480940b05169977033095e722d4833099ed18d52cb4e68502540be40080824a91a0fbd1069857ecc693dde959a30012a2c0107238e60ff36956e9dc5e1ce1db9c08a01a1f294d53a85d5ca1d997331f13e30cb73049dadf05beb2956d66ba4b390c31
eth_sendRawTransaction	0xf86d8086d55698372431831e8480940b05169977033095e722d4833099ed18d52cb4e68502540be40080824a91a0e889f033eadfa70f9c49df8e416b75aa18a2563f092a25dd7fd6aed7f8790140a05660d7af8dd433ec823868aff50b610ca0b1b4ba132aa63c9128da0cccb60aa3
eth_sendRawTransaction	0xf86d8086d55698372431831e8480940b05169977033095e722d4833099ed18d52cb4e68502540be40080824a91a00e4482b3be25c838517de0913a25f6f66483967d5875d74d9076e23a3ceee5caa02d15c3e8f92d6d12212ffe64c3d10194c85f223f17c69bd2e3b6dbe6c623a3d4
eth_sendRawTransaction	0xf86d8086d55698372431831e8480940b05169977033095e722d4833099ed18d52cb4e68502540be40080824a91a00e496af38523f82a4b9f83ff153721156270e2fcc360a6246546e3801af8752fa01bd8046056b80046e835a4daaec031019a8a3f08831a418e695f537807e074a1
eth_sendRawTransaction	0xf86d8086d55698372431831e8480940b05169977033095e722d4833099ed18d52cb4e68502540be40080824a92a0add88a25b82605e5ea7815353f5757c9439c12971abd19dfb7712c19628fe1c8a01f4389b4be7d31bbd731d379a0d96f3e08d61fd85b977e87c7855de4b64f8b2e
eth_sendRawTransaction	0xf86d8086d55698372431831e8480940b05169977033095e722d4833099ed18d52cb4e68502540be40080824a92a0df6f04002de8f76f480b414ad2564bfc7f01b4a3bea40c72eb47f7612a62d208a017723aa335f09afbf27ee08c99608de0aea2f96e78c5ee812fe57976fa5eb45f
eth_sendRawTransaction	0xf86d8086d55698372431831e8480940b05169977033095e722d4833099ed18d52cb4e68502540be40080824a91a087ada4bac2867be1d581aa969a59eb5e64d48735027f84cf2291f49dda149cfda05a9db9986a7e827227e88ab77ffec21d4bc9f0e92b34b84001e906cbaf7b4779
eth_sendRawTransaction	0xf86d8086d55698372431831e8480940b05169977033095e722d4833099ed18d52cb4e68502540be40080824a91a087105ff25449343711a86258b8257926fa1960b20526f7120633e2b2831b7a07a020762b6f0349458113c2e4ba1762629c5e23153f15371caf6ad125fac3d7d87d
eth_sendRawTransaction	0xf86d8086d55698372431831e8480940b05169977033095e722d4833099ed18d52cb4e68502540be40080824a91a0ea7c995630e7f19c517529fd7e4045a54e835d58efd367a55d3425a76f031cd1a06d90ea6227c820aac73593e780e1e8f0a86e6a4b2c9cf8d6597a51febe0a589a
eth_sendRawTransaction	0xf86d8086d55698372431831e8480940b05169977033095e722d4833099ed18d52cb4e68502540be40080824a92a0ec7e3e8a213689e25e727e058e6973ce3f3dd5a9b6148e948e2825ce1e5cfeffa035900693fd0fb8ac15043865386617e07286307c77f83a5885072295fb1de6d8
eth_sendRawTransaction	0xf86d8086d55698372431831e8480940b05169977033095e722d4833099ed18d52cb4e68502540be40080824a91a0c50bd901cf42602d4dbd9bf6a322ecb6d72747a83ac389d49eb1979a05cbac88a01bc17c44e1aff4fc7a65ea0ed459a4215f5e40975d98a57afdde7ba3ed231f10
eth_sendRawTransaction	0xf86d8086d55698372431831e8480940b05169977033095e722d4833099ed18d52cb4e68502540be40080824a92a0d10e641ea0a904f0d54774621df3760c0bfb65ffd8cf9a6c9fecae264035433fa065ca6ee4ddc2766d3601865e34a13a1df74e29c3478bc1cfe1f6994ec259e368
eth_sendRawTransaction	0xf86d8086d55698372431831e8480940b05169977033095e722d4833099ed18d52cb4e68502540be40080824a91a0d12ea47c9281381349cc13ca7ad43ebb76f294297bdc7a40af8466a449f94751a06991e259a7eaef5ea2c2f1503dd9e8b494d3485e88c0269f30862d5a30de644f
eth_sendRawTransaction	0xf86d8086d55698372431831e8480940b05169977033095e722d4833099ed18d52cb4e68502540be40080824a92a01cb454838a6890a1cba85484ddd19b49aaccd5157a75a86f73525fb3f962fab0a07d1d427a069e86fa1cb91de93420f08439a9076ae7d3af536310d9c6d0059722
eth_sendRawTransaction	0xf86d8086d55698372431831e8480940b05169977033095e722d4833099ed18d52cb4e68502540be40080824a91a0171750b1628c515bc391a31f46e38898aa0a5cb79d004b49272edb1483717889a04cadedb42a7898a2d206d1099b14be4031363dc80e2a95fc1b72c15e7e44f8df
eth_sendRawTransaction	0xf86d8086d55698372431831e8480940b05169977033095e722d4833099ed18d52cb4e68502540be40080824a92a015f676cb969af61641d8b8c5ca7d671080d13175709ea1ffe8ec28f6a128cf57a0279098bd7f0292cf328d687a2903f8e279cc440b8f360480576f02f672a45d50
eth_sendRawTransaction	0xf86d8086d55698372431831e8480940b05169977033095e722d4833099ed18d52cb4e68502540be40080824a92a09675896db3d546d226d23f645bc5b1091aec17a984c78dad6836f54b51804a86a02e1668bd31a36c05d4d4dfd7f506ef24d3a06160bc025844de813445c4dfb1d2
eth_sendRawTransaction	0xf86d8086d55698372431831e8480940b05169977033095e722d4833099ed18d52cb4e68502540be40080824a91a09f389191c9e69caa33c1685ed942f6351b2707d06eb845a9f9c6d45140693b8ba038635e5cfb03f667cff4ccf90d7eeca37c58b49d2b41ed96649bf6d208d7c351
eth_sendRawTransaction	0xf86d8086d55698372431831e8480940b05169977033095e722d4833099ed18d52cb4e68502540be40080824a91a0a886ba911602d4a4eef7fe71d16ad236ef0253259dd6eca3a0b88f187d8765d1a046d7d2647a9005bbab195589bff8763b144699150c30161d4c17464ab4a5e730
eth_sendRawTransaction	0xf86d8086d55698372431831e8480940b05169977033095e722d4833099ed18d52cb4e68502540be40080824a91a054107b7222e5a3da438eed0282566cae458c7ca2261c5db3f6f4c6cba4728fdca03129bef3c94759ba21e32591a458f16f08e461185a8ec28eac8af23cc9e71ee4
eth_sendRawTransaction	0xf86d8086d55698372431831e8480940b05169977033095e722d4833099ed18d52cb4e68502540be40080824a92a03bddfdab6c5f88d2bd00bae6100a5652b9ea1e9a125c1a97c113c71409ef4366a053b1f7c9b2aadde3086d9329f32e6334f65ecc068562e9eaaa906d1048212516
eth_sendRawTransaction	0xf86d8086d55698372431831e8480940b05169977033095e722d4833099ed18d52cb4e68502540be40080824a92a024151f272f3200470e22778b27762590e56a830e2bfaff9f74254e41d1dceac6a00edd74f0c26c4f1caf13eeca391723eb6a43cd4a4d2536f81887fdd7d2d1dc87
eth_sendRawTransaction	0xf86d8086d55698372431831e8480940b05169977033095e722d4833099ed18d52cb4e68502540be40080824a92a04af3bb550ab7b98d06ed28e87e85d336ce4477f74f7afddafb51ead131f06279a05c5c27889fdb89179993435b480c7cdc22949b258e4410220317441571c56e58
eth_sendRawTransaction	0xf86d8086d55698372431831e8480940b05169977033095e722d4833099ed18d52cb4e68502540be40080824a92a06d73074580fea2d8ad43a99d100248985bb409d072e9d2482e9c5e9cda42aaeca04b410c8fe2209cb6ce1cc9bc97bd71bc04728dee8df805505b822580676e78f5
eth_sendRawTransaction	0xf86d8086d55698372431831e8480940b05169977033095e722d4833099ed18d52cb4e68502540be40080824a92a0bbe09bafb27f01c36d2536dc6af648b4e04935b11fdd4a1393b8beeab5c82abda00433dd4cbf49cfcebb29617ef6e80c0e743b913b7f22cc47dc66cb977df0b71f
eth_sendRawTransaction	0xf86d8086d55698372431831e8480940b05169977033095e722d4833099ed18d52cb4e68502540be40080824a92a094b82d6c2ecfd2d3f2dd3c00127002ade48a3953da3ef9d30bfe9f4b0f2ebd1aa018bbc0fda567ab671bf5b4bd798dbfed2ff71c078e6dbc9a4711f751d9114ef5
eth_sendRawTransaction	0xf86d8086d55698372431831e8480940b05169977033095e722d4833099ed18d52cb4e68502540be40080824a92a072ac250972f8d876d1d7094deac8003c088a792736b37cef965bae4fad73b042a06b8debb554570f8e296f58f1731dbcfc558c59f1808585d0d4c4b93dc03505e3
eth_sendRawTransaction	0xf86d8086d55698372431831e8480940b05169977033095e722d4833099ed18d52cb4e68502540be40080824a91a0cd640cfc44908e8063f712913d134642891c44bc839b86369ac112cf0652da2aa06ae1bc1228861f8c32bfbc87f2ba43cec6769bc0c0e2f1277b96039b969daf81
eth_sendRawTransaction	0xf86d8086d55698372431831e8480940b05169977033095e722d4833099ed18d52cb4e68502540be40080824a91a07b529bf984ef88ebc3a0f57dcd2804f7eff666ff8a8f3d66f6cf81cafb0c3c9aa056fbf0cf4d35acb67a5baedd42e5ab667ed0222ca391b41f6f2e4248ee9d74cf
eth_sendRawTransaction	0xf86d8086d55698372431831e8480940b05169977033095e722d4833099ed18d52cb4e68502540be40080824a91a0b5cc990208a5cb73be4319e1a0b83f64c4b398cbebdeab9beeff8ad8c45ee2d0a04d44974d68addc76ed7247193816117b8f6406e9627b8646c71e0c0d1240dea0
eth_sendRawTransaction	0xf86d8086d55698372431831e8480940b05169977033095e722d4833099ed18d52cb4e68502540be40080824a92a041cdab82774724b0fb222f794a747062094fc91539ca8b82b55c8a8467d87a0fa03da78e7d1ca27a05640316626d49525de165dc638e950b3dc148dd3d400bdef4
eth_sendRawTransaction	0xf86d8086d55698372431831e8480940b05169977033095e722d4833099ed18d52cb4e68502540be40080824a92a020ad468d0c27acc9567660e6942664383bb2b82957ca69a08734097a6f97192ea079e8148f482cb165eabd717cc1cc5cf6c793f504dacf90a4fd65f5620ddaff89
eth_sendRawTransaction	0xf86d8086d55698372431831e8480940b05169977033095e722d4833099ed18d52cb4e68502540be40080824a92a077f0696e4049d5bf9733aa607c69ed02e91eb7347d1855605ea44c40f8d26273a05cbc032b73957d2d74d35ad787ef447cf84f2ad8cd7f6b1fdfd841ec58279c0d
eth_sendRawTransaction	0xf86d8086d55698372431831e8480940b05169977033095e722d4833099ed18d52cb4e68502540be40080824a91a00584ba053acb613762f8d8d8f5cb0b86eb8b05b949722ae3e785c27f59147067a00981ee52521f39531b2de5285ce9bce03e503e44cc3c19c504985fb9ae2ac37d
eth_sendRawTransaction	0xf86d8086d55698372431831e8480940b05169977033095e722d4833099ed18d52cb4e68502540be40080824a92a006e38e5b8a3c8903a577341c3dde46343f50d4a30340becf7d1df4ec2cebbcb0a0039b255accea5b0e29aa65c57bc2d763f901105982464dcbddb714797e35414e
eth_sendRawTransaction	0xf86d8086d55698372431831e8480940b05169977033095e722d4833099ed18d52cb4e68502540be40080824a92a0ecd629bcca362206cfa166784a6ef74d3e464a571720a567491bed8aa9994b7da06e38b8396cd9e64d3755821562c247a20b8a7f810cd6497111464ae6ac83b4f6
eth_sendRawTransaction	0xf86d8086d55698372431831e8480940b05169977033095e722d4833099ed18d52cb4e68502540be40080824a92a0ebed0a84926f37f06c341025db0ea1864d571801c62d3287fc6824bf9d7e7854a06d70be9b3e305da9712feed53666543427fd18fc94b1d82503b7ad8e16fb23f4
eth_sendRawTransaction	0xf86d8086d55698372431831e8480940b05169977033095e722d4833099ed18d52cb4e68502540be40080824a91a06cf197fca22b674a2bae7fa75e6e744d38ac362274d9ea0bf1e7a20b9ec9d85aa030f49f95c0a49d7e80cb37c93c3027e131f8828c1b4c65ab3a851eaf3b23604c
eth_sendRawTransaction	0xf86d8086d55698372431831e8480940b05169977033095e722d4833099ed18d52cb4e68502540be40080824a91a031a6d2d9b998a0f47862f5eca04f462aa66daa283707a3420b27d8f7981c82f5a039c66aa7d6e291dce3545c1a284cee5ce5f63ae3a4782443c43f8c9a06baad83
eth_sendRawTransaction	0xf86d8086d55698372431831e8480940b05169977033095e722d4833099ed18d52cb4e68502540be40080824a91a0ee96c11a9bd5bbdcba3c5daa92b890fe1ba1dff52f26ff6ceb5fb932b1b7573aa03041b446005517f7d7ae661e7a808e4f8365cf26f25ee6f73717572665047143
eth_sendRawTransaction	0xf86d8086d55698372431831e8480940b05169977033095e722d4833099ed18d52cb4e68502540be40080824a92a08e8dd0ef6f90a4e65493aa3c313e1b299e612dd754c5d1e178274d23b153be4ca01cfad81193f1e95431fee1da6e858b08df0493ee6d8c814665f9bfc75bb492e6
eth_sendRawTransaction	0xf86d8086d55698372431831e8480940b05169977033095e722d4833099ed18d52cb4e68502540be40080824a92a08247a88fc0eadf66e1a58a4e0e8413756e14d47b9706e590a38ca6856b000ae9a03c5a3b63b5f5b05cc8b01285b2df1b317c9cc60ba71582c5339e81c7ca411a17
eth_sendRawTransaction	0xf86d8086d55698372431831e8480940b05169977033095e722d4833099ed18d52cb4e68502540be40080824a92a0399b8ea475113fff7cc641e228675242366293abdf4481476f3d7ec1c6bbfc97a05ea49a3287eba7f6dcfecd2e6e2d2d125d70ba8c595cb63c3c91d1641eba6962
eth_sendRawTransaction	0xf86d8086d55698372431831e8480940b05169977033095e722d4833099ed18d52cb4e68502540be40080824a91a02ca10270e48a6d4cb337ec92131c36199da66f8ce0da019a86ee06213bd22739a06948ad3315f3b9ccd2aa2f5c1aa50e7e13464253a768792babd6275b3a8ea454
eth_sendRawTransaction	0xf86d8086d55698372431831e8480940b05169977033095e722d4833099ed18d52cb4e68502540be40080824a92a09c237803edafb1591f94ebf6ebb629af8d5f951df3ed35b98164371b1ccb3d6aa05485526cf0b916f6449f08a91968beec180fc529afc9b196f08ea1e52bd39485
eth_sendRawTransaction	0xf86d8086d55698372431831e8480940b05169977033095e722d4833099ed18d52cb4e68502540be40080824a91a0b68c11ce7be25971da4faca4b6dd869a740eaa11a29db21e896dce2204adb903a068fad0cbf81012172c588f3580599e97f1d1f8a9d9e6c4a8b63dc2e5c5ff21d6
eth_sendRawTransaction	0xf86d8086d55698372431831e8480940b05169977033095e722d4833099ed18d52cb4e68502540be40080824a91a0c981c0826241aa692f41a5e7463ec6cdd0e70f232a8b36a4a0900a863807f0d9a029b01631bc77dcae08cdf0dbde33f744c7a8b5c27b013e93ba9acfee3158a675
eth_sendRawTransaction	0xf86d8086d55698372431831e8480940b05169977033095e722d4833099ed18d52cb4e68502540be40080824a91a02a8346cf191842008472ec17f93ad3d0aed8059ea8b2020365ad110e705fbfd0a010702772e8058fb1d4392f0eb7dfcc417f072471006985ed1231f5abe56826c8
eth_sendRawTransaction	0xf86d8086d55698372431831e8480940b05169977033095e722d4833099ed18d52cb4e68502540be40080824a92a0701b6c644a4e5f4501310e782b019c5456d61d9941551826dd64985d7bd1818fa04be7b1f1cc36f82140e563192a57a0197622b08d1e55c3e76b3993e9d8e36a26
eth_sendRawTransaction	0xf86d8086d55698372431831e8480940b05169977033095e722d4833099ed18d52cb4e68502540be40080824a92a0ddfebf5860bc489a25eff66a7f529caa829037ae5ad4200913d27fbfe1ced325a05d57e39f50dd9ab68bfd9da43e4c035ef94a3d1d4832b659f675063ec8c8a1de
eth_sendRawTransaction	0xf86d8086d55698372431831e8480940b05169977033095e722d4833099ed18d52cb4e68502540be40080824a91a020423153e4b65243e552df5d17ecfb5461e60bd209b9f75899089f3015c5d468a07a72533dba1d3ecb25da2d1fd2d46e666c46f1b103b2c38039d3ed6f864c7470
eth_sendRawTransaction	0xf86d8086d55698372431831e8480940b05169977033095e722d4833099ed18d52cb4e68502540be40080824a92a016af90b3250fc6fa127e704d4b04d885f2c132bc84ecf3017711a4d9bae328c0a02138512da17374928e4aec2b9720348f07c70d74f6a5b5a9350b1ad556f42211
eth_sendRawTransaction	0xf86d8086d55698372431831e8480940b05169977033095e722d4833099ed18d52cb4e68502540be40080824a91a08a97d229817e3df294d52e538abc5f5d3d4fe8a90f89ace570c73f568429f0a9a069fd2acaa23d6b8eeba78752d383e808d91266612e0641904b2726393adf94d0
eth_sendRawTransaction	0xf86d8086d55698372431831e8480940b05169977033095e722d4833099ed18d52cb4e68502540be40080824a91a035532ddbfc10a7e30f870d86e863eb9c5cd18bed702e0c582f110337e26d701ea011b90fce5a7dcdeab9c1fa704f63182c1bf88dfe491a6a7d64d673f474b3a40e
eth_sendRawTransaction	0xf86d8086d55698372431831e8480940b05169977033095e722d4833099ed18d52cb4e68502540be40080824a92a03c8eb5d3b0c359b2548bceae5888f4fff59725bf375dd5a8e55e71e7f59d3a49a0748f37e3a262553489830b24502e634810c548c258161aeea2d4fc805dfa0b8c
eth_sendRawTransaction	0xf86d8086d55698372431831e8480940b05169977033095e722d4833099ed18d52cb4e68502540be40080824a91a0659f79f260de8d85ebc9078167e0bddec1dd650f5649f926b38faf81225eb042a075267c8e403d58c608b582a3e03028dc2e8e1c7b146a21c5328e887845bbdb68
eth_sendRawTransaction	0xf86d8086d55698372431831e8480940b05169977033095e722d4833099ed18d52cb4e68502540be40080824a91a0aea560c47dddc9b81fa3de2a50d0961726d3df842702fffb8e7d119e292656aba03a4e1a689e440d4dba1cac6b54d31449fe62554a36923f2ce4739b435ad3ede8
eth_sendRawTransaction	0xf86d8086d55698372431831e8480940b05169977033095e722d4833099ed18d52cb4e68502540be40080824a91a09d14304a69014cf6604f47e17d2aff45798a59a3e50be54f611985ae738e55fba016b5d4a3bdd0c2c35726de919e23dd76fa4aeb5030767aaf94c83ecac12df298
eth_sendRawTransaction	0xf86d8086d55698372431831e8480940b05169977033095e722d4833099ed18d52cb4e68502540be40080824a91a04a322688f84dc00545a1b92d9166027b5bb4ff97f8bb1a4fd9b3fce81cf933f3a00e5e693b695353574254f15ac573483ec0954b58fc3d772db68c3ed3d6ba2d75
eth_sendRawTransaction	0xf86d8086d55698372431831e8480940b05169977033095e722d4833099ed18d52cb4e68502540be40080824a92a01647ed8e952c3f9cc89a670bff8aeedbf80c5d1d4b14d74ab0e43f2487452d1ca014d21c63651ee36827efbf0498af1581e9b49ae0b0529106ea8b27d3ce92ca62
eth_sendRawTransaction	0xf86d8086d55698372431831e8480940b05169977033095e722d4833099ed18d52cb4e68502540be40080824a92a06965d1a251ee44bf1172da9499809924dc64063a73d0d0982a11a7e3b454222fa010dda99ee4572d14044c9e1b14ec642742b6715bece8c853fa90a919f7fa2f7b
eth_sendRawTransaction	0xf86d8086d55698372431831e8480940b05169977033095e722d4833099ed18d52cb4e68502540be40080824a91a0f546816d8845cc2a83c796b732c8a549f823a79acaf1ee4ab22fb871aaeed68ea0335c0dc70863169999b01c4e5d45ee1a23d9f6b844813fdbd989e64aadd4851a
eth_sendRawTransaction	0xf86d8086d55698372431831e8480940b05169977033095e722d4833099ed18d52cb4e68502540be40080824a91a061c4df31ebfd39fae4fa4d250e206f226f000570709faa29ffc538897282e23ca06917a02e129630c005ed0bc436950afee3f6ccc724e4b55c9a87fd09bcc47854
eth_sendRawTransaction	0xf86d8086d55698372431831e8480940b05169977033095e722d4833099ed18d52cb4e68502540be40080824a92a0071d14cb06639c702e6b5a8a2edae0c7560efe2e4d691620da4c3231e4ce5e0ca01e1f9d5cd87f15fcf6b2637cfddbbea5a2c7f550e006663f1f1156f3f2464fe0
eth_sendRawTransaction	0xf86d8086d55698372431831e8480940b05169977033095e722d4833099ed18d52cb4e68502540be40080824a91a0ae383cfe8d55bf883c5bc8a919cb86ecf1e7baff1d85cbd40e3ed9f83c89f261a019ad25fa65cece957bc23030e5864e68c056cba924f94b18db86da6f55cfe366
eth_sendRawTransaction	0xf86d8086d55698372431831e8480940b05169977033095e722d4833099ed18d52cb4e68502540be40080824a91a0b1c448b65d1617ce902e7d9b76e05e6fe071d291a9aa2c4f95c3660fafbd0600a0680a0d1efdb0f5b2efe8ef01b9e93f9eda936de2bb35ef68c9c56bff1f86a299
eth_sendRawTransaction	0xf86d8086d55698372431831e8480940b05169977033095e722d4833099ed18d52cb4e68502540be40080824a91a0756a49d2e6ad49804fc09a55860329744fefbf1f691de7008e219014f7d07d48a033a678707d239e7ee3779683c3370165f392ef03fcb741b647f14d25aa95e2b1
eth_sendRawTransaction	0xf86d8086d55698372431831e8480940b05169977033095e722d4833099ed18d52cb4e68502540be40080824a91a08ecacc57e81a009ba86ad6058a69a7da79107bd19d0d1d6a6b25bddf9dd8f4f1a02d4967bd2ac5f5c0de85e93736d117c76df3b868fee1fc4ebb8d5114619bd861
eth_sendRawTransaction	0xf86d8086d55698372431831e8480940b05169977033095e722d4833099ed18d52cb4e68502540be40080824a92a0e9a25050417316f7e608956c220793cd12d50d0e488e1d985f92f8e0a0ae50aca065322fe14626248357c3e33130055c16b5d7dc0dbd02a9618c23f5e16ddd22ab
eth_sendRawTransaction	0xf86d8086d55698372431831e8480940b05169977033095e722d4833099ed18d52cb4e68502540be40080824a92a0cf24071346286d7c656d8b42d5c2893c246dac5e84198d029acc55f02153d841a06799d7c26af1b16013b3433cd874723b3de5aca648bf17305b0b6c95930813ba
eth_sendRawTransaction	0xf86d8086d55698372431831e8480940b05169977033095e722d4833099ed18d52cb4e68502540be40080824a91a069ccd8a446b63088c60bb23926ee58034179e0c2062b8d6d18b52a0b08e5b57fa05fbe7375e1ddc657bbd078e99496557f0fec00238c580fd7b4353af67e3d283c
eth_sendRawTransaction	0xf86d8086d55698372431831e8480940b05169977033095e722d4833099ed18d52cb4e68502540be40080824a91a0727cd1cb243157dc2afa32a5f568ed9813e4c16608a10fa2e7425e7162d8b9aca0678d70cec64be187414ebbdfc1c1c911c338dc4430f0e261ee4904e280adb233
eth_sendRawTransaction	0xf86d8086d55698372431831e8480940b05169977033095e722d4833099ed18d52cb4e68502540be40080824a91a0fe146b4df67d040d3acf79b9f9c73f6962e3555eca7fa1c071253cd97b7258bca052bcd5ee085e2cf8fcebfa9fa26288a0da08a758e96d236f21c3f82363049320
eth_sendRawTransaction	0xf86d8086d55698372431831e8480940b05169977033095e722d4833099ed18d52cb4e68502540be40080824a92a0eea63355f006bb54a70b6802ddf10b4ba0d37abe95d70e7ad40d9c3a42991c96a04c747d1cc39b53ba3e4e3f7c4b848b11ef4be102c9eea7d89225d7d21a8ae862
eth_sendRawTransaction	0xf86d8086d55698372431831e8480940b05169977033095e722d4833099ed18d52cb4e68502540be40080824a92a00c18a4265cc19177fa948530b1ac53029f8253aabf033e0ea878be5b2e579cbea030b6ca7f13adb23d3ca54bc6021eeaef5aa54a94a61fa8e70e0db1c34ae0e85e
eth_sendRawTransaction	0xf86d8086d55698372431831e8480940b05169977033095e722d4833099ed18d52cb4e68502540be40080824a92a0b7aae676a4651434af7ee405b97f44d3e36319c9c961ea2864f282fc85690157a02cf4eeb563a0d67b48a2de652b7177a9862db43b269b2a78925aee65d193b009
eth_sendRawTransaction	0xf86d8086d55698372431831e8480940b05169977033095e722d4833099ed18d52cb4e68502540be40080824a91a067c8986747f4fc7a38be08b9b24bb22e48b3aba87c5a10fb780662af77ae4ef4a00f06b642b5a733e013402379478ebbaa726656687688b60710bd9d6b04827f48
eth_sendRawTransaction	0xf86d8086d55698372431831e8480940b05169977033095e722d4833099ed18d52cb4e68502540be40080824a92a08cb314b3e2da85b8b1f0dbacf3533821c2c7e344d42ec907300fce285bce654da06f0511902e91956ac6221a52c835cc41894bb6946aad7b9895c99cefbfb2da78
eth_sendRawTransaction	0xf86d8086d55698372431831e8480940b05169977033095e722d4833099ed18d52cb4e68502540be40080824a92a019700bc16abdd7a44d9ce0aabd6dd6cb69f11004f43017919eaf05c04d726056a020d78720472474b660ef7e4fb05bc17d73c083967af55904f554b3fdfa4ee0ac
eth_sendRawTransaction	0xf86d8086d55698372431831e8480940b05169977033095e722d4833099ed18d52cb4e68502540be40080824a92a074945d2a806a693dc124e7feda2426ad70487c8955c336a39ea0a1a6308e9bf4a05492225db77443df0011c91f18cf98e7856a816d97e702685435ef800e5f2486
eth_sendRawTransaction	0xf86d8086d55698372431831e8480940b05169977033095e722d4833099ed18d52cb4e68502540be40080824a92a099822a37401ec7f0babb35811f156426b46ffb27197a715f0fb44d73ac61dda8a03f2ffec91d73308fa9ae60bd33527a33ce44ee99299f87d7d4196f7f35c10227
eth_sendRawTransaction	0xf86d8086d55698372431831e8480940b05169977033095e722d4833099ed18d52cb4e68502540be40080824a91a027751643e4ae164942b32af35106e80634cd7cc3d2ca9cb51249eb60cae7a036a028582efd2e8a96ebd9a127bebb1e98d14dd0ba8fd1c8a1705e6578c92f66cd13
eth_sendRawTransaction	0xf86d8086d55698372431831e8480940b05169977033095e722d4833099ed18d52cb4e68502540be40080824a92a074fdf2e391b0b6247666bd8f0d6356b9fe006200e6bbffcc6c7e8e12d480aeb3a0651a9b376df204d31c75c4f9974cf7c1acf11ddf0405228a07a2107b9dde5ead
eth_sendRawTransaction	0xf86d8086d55698372431831e8480940b05169977033095e722d4833099ed18d52cb4e68502540be40080824a91a0e81634d1910ba8e9b9d054d94f6fe3bb04054182d0de83d613d480242099afbaa00963b03d299bcd707d8f101b69237f78a30e3046fadf920f1d58ce5e40d2357f
eth_sendRawTransaction	0xf86d8086d55698372431831e8480940b05169977033095e722d4833099ed18d52cb4e68502540be40080824a92a046f3e87108108f622397154a781e9469e83869ffabe0bb826a413b1057aed302a030e4280126a1588119bf2e9e5b401e857cdb5e62a27f05d1ea9922bb8791ef59
eth_sendRawTransaction	0xf86d8086d55698372431831e8480940b05169977033095e722d4833099ed18d52cb4e68502540be40080824a92a060ae0ea535641f0881e0bf76db822bb79e81a8ba88e12fd774e6a7f05b4d7b6ea025f3fe9cb302ce198c4c330f94eb1a943844566cd6d7388124ade2cdf2f6d3df
eth_sendRawTransaction	0xf86d8086d55698372431831e8480940b05169977033095e722d4833099ed18d52cb4e68502540be40080824a91a0e47d3b27921e8390ebf4f6e6d64efd32c384f0080b9c1a3bfedf062c3185710aa021d6d275f6fcb56d6900da6af1c2d4707a9cba63d47e1fe2ba7b42f7e3f06e5d
eth_sendRawTransaction	0xf86d8086d55698372431831e8480940b05169977033095e722d4833099ed18d52cb4e68502540be40080824a91a069fb0ce465a4c185da1c242dc1e936f24efd47721ecd1f0fb9620b04f60ad810a01d57afb9890829998880db819c435fd5ed274bbcd32a7c7409afa74ffb3da07e
eth_sendRawTransaction	0xf86d8086d55698372431831e8480940b05169977033095e722d4833099ed18d52cb4e68502540be40080824a92a08e31e6fc3999357b8537e8aa139c308e012a042d05039c27522e4f1d511f2cd6a0408b1e6b82ecc53bdbe706d534f721cd513408b1c0842b8d386d7b1125493c8c
eth_sendRawTransaction	0xf86d8086d55698372431831e8480940b05169977033095e722d4833099ed18d52cb4e68502540be40080824a92a0a8fde9f070bba90e737638718f538cdc4417bd85df9e437a925190f28dbd5123a019560bbd10c3e71e2e42800d20d9d1444f6c47e9196c4baaa66948cae46d180a
eth_sendRawTransaction	0xf86d8086d55698372431831e8480940b05169977033095e722d4833099ed18d52cb4e68502540be40080824a91a0c090a2e75788950acef61cb1efe9fd39a2fadad7a3662d17f7db38928c6ffab4a03bda554c208d00b92dd81ee678a609d2581227c50372427364be0d7259577da0
eth_sendRawTransaction	0xf86d8086d55698372431831e8480940b05169977033095e722d4833099ed18d52cb4e68502540be40080824a91a076b89a008f2005041b162b7d3d7c030f239ba4501f6776dc63b029d223a98f8ba0272fade2bbcea6539e39a760a6aac9d35af04a7aa4ef11da591efedf4fc6490a
eth_sendRawTransaction	0xf86d8086d55698372431831e8480940b05169977033095e722d4833099ed18d52cb4e68502540be40080824a91a0f3840e444fcd44ff5714fe2e6119088e0fe258d4ce862ae03ac2bcee8cecdfbaa06e9de4c992fea3205233a2d131ab09fba839f2c5c2625703e757964d37cf5c99
eth_sendRawTransaction	0xf86d8086d55698372431831e8480940b05169977033095e722d4833099ed18d52cb4e68502540be40080824a91a0413a5557cc35d2019f4bc219fd82c518b158bc28f83540fd5250b1c081fca98ba06310174c6b456720f8f42fb0310022c5e2f409905acd461919caa8bc3b8ebb61
eth_sendRawTransaction	0xf86d8086d55698372431831e8480940b05169977033095e722d4833099ed18d52cb4e68502540be40080824a92a05e4dc837e508772a053bd052a483f4bd46ee6cafd2ca33d6e8b9b03172978005a05055871a0b3754fef5c602b16f6404ed8d61e881c67e1ba1c958886f5df5d7cf
eth_sendRawTransaction	0xf86d8086d55698372431831e8480940b05169977033095e722d4833099ed18d52cb4e68502540be40080824a92a0e03abdb27999999f1fbdedf06ee2787595df46188737fc2731dc0104fb54ae4ea065acb68f022171011316264e8f6f78d323f36d3b574a614a0c13d0244bf48ae9
eth_sendRawTransaction	0xf86d8086d55698372431831e8480940b05169977033095e722d4833099ed18d52cb4e68502540be40080824a91a028979221377b972ff6ed64ca87242199ed627d4aece8b4e42288c9460053c3c2a06b683e36cabdf2f148b6e85e31b1fac0f309e801f52bcb40439159ed02cd202d
eth_sendRawTransaction	0xf86c8086d55698372431831e8480940b05169977033095e722d4833099ed18d52cb4e68502540be40080824a91a0add33a6f6bda13c940daa260d4ee9dce12d85f67454f2058f2840594f05a5c669f8db73c27a32e73822e3ce550b3fcfdda9dd6e619fd4319fad129c575e88429
eth_sendRawTransaction	0xf86d8086d55698372431831e8480940b05169977033095e722d4833099ed18d52cb4e68502540be40080824a92a0656e58ea48e217feea23f46a99a2ad41f36e6934c26ddca0360d34fe812bc307a055ec28dc0cd33f3f1ec54a2b6d614b3f9c380efa8a25f753d14d7019c2060e67
eth_sendRawTransaction	0xf86d8086d55698372431831e8480940b05169977033095e722d4833099ed18d52cb4e68502540be40080824a92a093a0053145a722c188e6ccb936a9580b11818467030eab643dc8a48e14f4ef5ea00ea0bf523edc9b92e2f1c0b09bf6b9b509fa91cca8b25f5fb4b5c78ae5ba7ea8
eth_sendRawTransaction	0xf86d8086d55698372431831e8480940b05169977033095e722d4833099ed18d52cb4e68502540be40080824a91a007151cc67fab6503fb224e294dc685f66c9238b7610c6cb2803a9df7a8e40a35a048170e4d3ec517b02a7565c1d2f381162d57e1e958de034e149b47a7e66e2377
eth_sendRawTransaction	0xf86d8086d55698372431831e8480940b05169977033095e722d4833099ed18d52cb4e68502540be40080824a91a0825e7c53dd4750d2968db9273e601308493d9464b56e50e18ce079f065559739a02d51968ea8a7869ec51395bda1518937c29a2339e02ef9af7e9a134cec6de1cc
eth_sendRawTransaction	0xf86d8086d55698372431831e8480940b05169977033095e722d4833099ed18d52cb4e68502540be40080824a91a09442d5a88daeba078e2e26a263652d66226a57956c3529f211155535e19e3b07a0537386d59db741d5829d58df12b98f947b6847db62f5ed5c721a3a477a13f58e
eth_sendRawTransaction	0xf86d8086d55698372431831e8480940b05169977033095e722d4833099ed18d52cb4e68502540be40080824a92a08e3faf7a312f6aabb150e6a6117d74ea2f99dc3ccb7a9b399a1b670c182a4c51a04a0f27626c99006f48ddb22a6d672fe4bb5cf86ccab49278a8b46013f837228b
eth_sendRawTransaction	0xf86d8086d55698372431831e8480940b05169977033095e722d4833099ed18d52cb4e68502540be40080824a92a01530a83461e862341f2bec17fb3a0dd2102028250eec0f4814b882b453fbde68a07bbc3e944614f514add272967d16654201becdb7920206c5135f1592d70d1aa5
eth_sendRawTransaction	0xf86d8086d55698372431831e8480940b05169977033095e722d4833099ed18d52cb4e68502540be40080824a92a0e2a06c740fdf693b8e388bea302ce0112992583f8c57c963fa7661f91a150613a00cb8683093c9e650fce54562034c1292609862dc92e606ae4c91633499367a7b
eth_sendRawTransaction	0xf86d8086d55698372431831e8480940b05169977033095e722d4833099ed18d52cb4e68502540be40080824a92a0593f6f8baa72d60fceb136597b5e9876684eea2ea6b53d4bf4737fa40fad6bb3a02146abb1a87d2414682e2bf2bce44a91ed172ba36491ffd417e6578a30e05d7c
eth_sendRawTransaction	0xf86d8086d55698372431831e8480940b05169977033095e722d4833099ed18d52cb4e68502540be40080824a91a09960461f822b2f3be12eca34983e9dd253d40254d8d0d5df268f693f69b9b2a8a0681e02f2809d9532b9617a94768259b8976264c90ffaec4d9d64a582bf7a4a6d
eth_sendRawTransaction	0xf86d8086d55698372431831e8480940b05169977033095e722d4833099ed18d52cb4e68502540be40080824a91a0dd62e00e13c20e0ab53343f0deb7e0cd93fcf42b328070ec10aa6d2374f197d3a02045ae5c556d15c6218c131ce39e6fc56484c0fafac233aa44eb5017ba6dd6da
eth_sendRawTransaction	0xf86d8086d55698372431831e8480940b05169977033095e722d4833099ed18d52cb4e68502540be40080824a91a034bd1e52cc9be61a4cd8adbbb6d8cdff12f669bb1222e53b9aa2ad7271c6bf72a076fad0a3d885b255eaf6208add3e05a686c418f6dfe4cd546eb35b3841f85bbe
eth_sendRawTransaction	0xf86d8086d55698372431831e8480940b05169977033095e722d4833099ed18d52cb4e68502540be40080824a91a005a8279d56fcc7b43df70dff09cfad96134bdca79925df312d828877916d4bd9a00eaab6d7f3c66095cc4b6c68ba379998b45325eb3bd42d4824c04a9baadce793
eth_sendRawTransaction	0xf86d8086d55698372431831e8480940b05169977033095e722d4833099ed18d52cb4e68502540be40080824a91a025633e396fbe48cfc3400833409e66dd0ed841c343d01163712cd81b2371d754a0763b61e7e65598bbd2cf0f5d255f26d2cb55eb5988c488c1f9695c56f01d2c23
eth_sendRawTransaction	0xf86d8086d55698372431831e8480940b05169977033095e722d4833099ed18d52cb4e68502540be40080824a92a0d14b279d107f8138a68021f9a8e97842930fb5b9e5da4157d03e1bf857769a0ca04206af9151924cf95e721513b20da2cc940394883feebd6b39b330ff05c50d5b
eth_sendRawTransaction	0xf86d8086d55698372431831e8480940b05169977033095e722d4833099ed18d52cb4e68502540be40080824a92a056c215fac91d09b44018622dc4ec08b47f7a5e5f1a32592da890ef5b1dfb0614a034390f6df6a14fc3f1ee05076a16b1bcefb4c3274ece409c84261f83e00cb12f
eth_sendRawTransaction	0xf86d8086d55698372431831e8480940b05169977033095e722d4833099ed18d52cb4e68502540be40080824a91a0eb8da9f19b474add053e8e777d35637ac81922eac3c30895db366d7830c07af1a0760d94a6cb74f11857d6a9f6b165723f0f1f477f3e6f76746dca3742593acf3d
eth_sendRawTransaction	0xf86d8086d55698372431831e8480940b05169977033095e722d4833099ed18d52cb4e68502540be40080824a92a0625d43f6d7e9509167c0befbf1f32e9e4b82fba2ae56887c22e1d7d69423cb93a06d6d57ba64f434d0e63e12242c0ab8749e1e9374c02fb6229229e24b120f8322
eth_sendRawTransaction	0xf86d8086d55698372431831e8480940b05169977033095e722d4833099ed18d52cb4e68502540be40080824a92a0552ed8d2bd447856ef8179465998b2f38a04dbd3f89040c07a5b5fa44a0eff17a05eb08c057a594354303f516783d35d24c128576902f73b7847b5829d4524fa36
eth_sendRawTransaction	0xf86d8086d55698372431831e8480940b05169977033095e722d4833099ed18d52cb4e68502540be40080824a91a05144d1dee2acab80b0488122da6759f107df7676bf2fb4d48013fbfadebf84aea017cd1c8e00c6b67582f04532bbaf7ea363896c2e46397f221eec3cbcc78158be
eth_sendRawTransaction	0xf86d8086d55698372431831e8480940b05169977033095e722d4833099ed18d52cb4e68502540be40080824a92a0b944d66e109c48cb1187b1eeb51bd795051ea852cd8327a72c4a6700747f86e1a04214f01b972cc382898b29f0aaaf6eb613db5a1a1e1625eda474ac25585181d2
eth_sendRawTransaction	0xf86d8086d55698372431831e8480940b05169977033095e722d4833099ed18d52cb4e68502540be40080824a92a0b5fddb319d2973ae96c0bdb500f81d5185de1404669d8512ee60e8f9a8ce0385a0055a92c020d04a098da1a745fd804799e4c413f233dec507778f7847464c61e6
eth_sendRawTransaction	0xf86d8086d55698372431831e8480940b05169977033095e722d4833099ed18d52cb4e68502540be40080824a91a0125d1de410ba33e94d33968ed20e31eb6d2e1be0bc95485cb7efea5d5d134d4ba00bdbeff78a038c35676820e75a88c1fa8b5d68c6233b17329e010ab710278ad4
eth_sendRawTransaction	0xf86d8086d55698372431831e8480940b05169977033095e722d4833099ed18d52cb4e68502540be40080824a91a0f231118a646b4d2d2491d9dda3210114f60f794f85c45c620acf7bb878d78e49a0382b6ad687dd8352858f7d035459859f94efe525b64eceb316662234da8ceb5c
eth_sendRawTransaction	0xf86d8086d55698372431831e8480940b05169977033095e722d4833099ed18d52cb4e68502540be40080824a92a0b62352cb013e0e8cc583c95c75d9889e4bee17ce42fd7717e42dd26a39170bb6a054e0f9d3679ab7f5cccd1ccf7dbe73eb10cee14f1d383072bac4c58348807a43
eth_sendRawTransaction	0xf86d8086d55698372431831e8480940b05169977033095e722d4833099ed18d52cb4e68502540be40080824a91a03cbe6939e2ade19a17af030bb1568f922ddc5a90e67f757e1edfaebfaddae4fba0427de0a3347ba03e33c6c3c6f8b04efc89e853c5bcf55804f012f408e566a5a3
eth_sendRawTransaction	0xf86d8086d55698372431831e8480940b05169977033095e722d4833099ed18d52cb4e68502540be40080824a92a0460cede2e7f4988aa1d1dbdd9a7c730a5dbc626782a5138812a307a0ac0adddaa0215c8374cdcb7d812cd88648f934be19ad3c22b05e1b1caba9d389605fc016a8
eth_sendRawTransaction	0xf86d8086d55698372431831e8480940b05169977033095e722d4833099ed18d52cb4e68502540be40080824a92a0d902c313ffd8306e027295c48e679c305bb608f11a4ea77a0bb6c9fe714a6237a076c9c1ccb7aa043e2a96f19aa25fac9aaf420b433b6930b734e036f1f9531d1d
eth_sendRawTransaction	0xf86d8086d55698372431831e8480940b05169977033095e722d4833099ed18d52cb4e68502540be40080824a92a08d9ab60f4fa8b5e07488411e8b12a5cc2472ce53910132895379b9ea3c487f4ea03363ab5f41987934bc95b36b471430e43e1a88edf20fbec377dc9e44afe23421
eth_sendRawTransaction	0xf86d8086d55698372431831e8480940b05169977033095e722d4833099ed18d52cb4e68502540be40080824a91a07d4e111ae17c9f342627b11c14ac3ca9bb08bf954c7388a79dea50fd4a15b567a057ab4b3bf2057ec349f3b1e045e67e3c1336e52cc8c89f697c2bb50c1b92c7f3
eth_sendRawTransaction	0xf86d8086d55698372431831e8480940b05169977033095e722d4833099ed18d52cb4e68502540be40080824a92a022999be1cd074323c27d7aec6edcdb2c1a5b35ff3afa639373513a63ab24882ea060d97a0101e0fc7c362fd1fa24b1fbe6571e53ab8e0e44b732661d27d289aa38
eth_sendRawTransaction	0xf86d8086d55698372431831e8480940b05169977033095e722d4833099ed18d52cb4e68502540be40080824a92a0a99b651a9ef1633ba5e8d90b250a7d14b218d4e0126e7ed0a0612d4cd86d9ac8a0662963cfb5458a7543139657a362a55daa2c84e7d231c087ebe862717c3d6881
eth_sendRawTransaction	0xf86d8086d55698372431831e8480940b05169977033095e722d4833099ed18d52cb4e68502540be40080824a92a0e606f8b5cf8ceb7b40335a1ffc2bcdac4397c85c799b460bd031b0c0a93561afa01e600367b5fc48cf6375e6331e6724ff052ce832384118e05bab92187e9d458f
eth_sendRawTransaction	0xf86d8086d55698372431831e8480940b05169977033095e722d4833099ed18d52cb4e68502540be40080824a92a081689d630ce643dba3287e32c70bf83c33bcd6afe2a020d123ede38872d89f8ca0131985cc79f7724197f6b065aac27a79c77ca4f41087b7b09b19a5546eb73fb2
eth_sendRawTransaction	0xf86d8086d55698372431831e8480940b05169977033095e722d4833099ed18d52cb4e68502540be40080824a91a0ecd9630cad7eb666bb39cab68fb1c0ada1c2ff5c0f1374f9f0f7a7b312b24355a00870b71ad508d4476e162b44975618d426a6ea8172c1fe0e00a25b11f55aad6e
eth_sendRawTransaction	0xf86d8086d55698372431831e8480940b05169977033095e722d4833099ed18d52cb4e68502540be40080824a92a0e1a36c273b75bcd3373a3c71a813c10132a81e88d137b018ab023a6b94c26f9fa072e4ae102c12c2e8f9aa394292da422ed3f4f56cf0757102432c84ed47bc97d7
eth_sendRawTransaction	0xf86d8086d55698372431831e8480940b05169977033095e722d4833099ed18d52cb4e68502540be40080824a92a09e272a537de2dd4dc7397b002e241b8ce578d787645531551d3cf536abbfb84ea07eb4d2d47bb4bb561865f5d39466f0e7067f9c459e806002bdf3777c929194ca
eth_sendRawTransaction	0xf86d8086d55698372431831e8480940b05169977033095e722d4833099ed18d52cb4e68502540be40080824a91a0678313d6e25f687629c44c4ac147c068b1d22871f515230235c218ed829eaa70a020ee2abc292bb641523fc925370965f0e76566426a5955e4b48f178875d40bb9
eth_sendRawTransaction	0xf86d8086d55698372431831e8480940b05169977033095e722d4833099ed18d52cb4e68502540be40080824a91a07d81024925d012d5ae81eb0b4011350baa80c43374a6a537bff70ff0da46672ca06435e56de75967c2dfee611798d2679dabd99d1e708001c229218824a3d75e54
eth_sendRawTransaction	0xf86d8086d55698372431831e8480940b05169977033095e722d4833099ed18d52cb4e68502540be40080824a91a065de375263a62205a9daa9126ee756afd52b1adf4794627a88f54b55a870d142a06568307a3c86d0472b69e438cc2a42528021a8a68a74c7c9f343cc49de468270
eth_sendRawTransaction	0xf86d8086d55698372431831e8480940b05169977033095e722d4833099ed18d52cb4e68502540be40080824a92a0101bc5de9c44585ada7a347a7e596696c90f26138bbfcafe8e9a36cc7a123aa0a043ca76f300460a8055ef468788e9f953cea6b94c66e5b00d08d5c5fbd547c706
eth_sendRawTransaction	0xf86d8086d55698372431831e8480940b05169977033095e722d4833099ed18d52cb4e68502540be40080824a91a0e0be093133e5c827eb7161ca030a481a485bd5f5f244b21c1a0ce061554574cca05dd1824b715935354b40bd3bcb6f565a39964c63e5f181c7c1728f84d7e229ac
eth_sendRawTransaction	0xf86d8086d55698372431831e8480940b05169977033095e722d4833099ed18d52cb4e68502540be40080824a92a07ff4a811578af3140cc4f9201142f466bbb04e1ad460c20a489bc5957e1f9275a03b46acd62abf6bbf77dc8a53354a9f0826d8eef3cd4a6bab60bccfbbc130f6bb
eth_sendRawTransaction	0xf86d8086d55698372431831e8480940b05169977033095e722d4833099ed18d52cb4e68502540be40080824a91a0a49931d60bd652f85a05ca15fae7421704ac06825177fb3e69ad274a4c188158a00a513781e5f6eb230379e493d0c849e17d4d8c762ce8a88378ecdabbaffdea0c
eth_sendRawTransaction	0xf86d8086d55698372431831e8480940b05169977033095e722d4833099ed18d52cb4e68502540be40080824a92a04dd33a05cf1e0f32fa64234f56c92466c12a823f9a06eed02e8db0ed706738f2a06ecdba4eaf38cc5ae701adaff6c94cc00d05c191c8db197438e1d2b2d529823d
eth_sendRawTransaction	0xf86d8086d55698372431831e8480940b05169977033095e722d4833099ed18d52cb4e68502540be40080824a92a029e4a715fe99a8e0434513619312f9e129e37d7ed9c263ddcffa9e129e59a615a05d1730f516cfad64fefa203b211c067a5fa6cbd19525fd58e3a1a8215619ecde
eth_sendRawTransaction	0xf86d8086d55698372431831e8480940b05169977033095e722d4833099ed18d52cb4e68502540be40080824a91a06efaae7746bb91da8b3826ccda5950c09f094c4b595158f96eaa04d240a8beeda0693086ff1986aabc0739e0cc61f60d5da1ff98fe9ed9d291b6653d611f738df2
eth_sendRawTransaction	0xf86d8086d55698372431831e8480940b05169977033095e722d4833099ed18d52cb4e68502540be40080824a92a02f3d3114ddf34fd3fcd6ec43a8e1e96b344f98d336fa14a4489ac3f3bd1b2668a07b2ed167e52cc8ee83edac89fae150fb97291b18e430c3db316fb3ac9f159ff4
eth_sendRawTransaction	0xf86d8086d55698372431831e8480940b05169977033095e722d4833099ed18d52cb4e68502540be40080824a91a021c554a2867d110d8018024b9df1effdca066743b82a36983bb8c64311392d32a0222b1655e35283cc5a47960bd95616b56b49b25632353b8c79c0081c4cdb998a
eth_sendRawTransaction	0xf86d8086d55698372431831e8480940b05169977033095e722d4833099ed18d52cb4e68502540be40080824a92a09393f7d0825c6894786fcaed107f2bcd5f3e29eed979713ea950dd19de1f74bca02b26d0c0dc41ac15752c1a32fa6aae70ccba8c6eae439e6b23541b50251e2102
eth_sendRawTransaction	0xf86d8086d55698372431831e8480940b05169977033095e722d4833099ed18d52cb4e68502540be40080824a91a087d7f7693f67b89ddf3bc8d8104776d6c9719e8e1dc00bd9490c068d28888929a029726999f6c9a45492ddb0a37fd4b50314364f16d603a0ab738948c8afbe5148
eth_sendRawTransaction	0xf86d8086d55698372431831e8480940b05169977033095e722d4833099ed18d52cb4e68502540be40080824a92a057041f78bb67e4c6690be0238cfde52381d4e5c6020e1ca311f76f668719ae7fa0595ceb2b69006377dcf860260f7ceba0b002da8d14bf8245a5763bba3f7aad73
eth_sendRawTransaction	0xf86d8086d55698372431831e8480940b05169977033095e722d4833099ed18d52cb4e68502540be40080824a92a0304c8fcbd99e85bfab23192a32b6259ef2dec93405008c9d8d1d1fa098858431a067aac1e750050eb72a0447ecab7003b37ad90083e308aa3002b3eb58c9871141
eth_sendRawTransaction	0xf86d8086d55698372431831e8480940b05169977033095e722d4833099ed18d52cb4e68502540be40080824a92a07e7edc3c0d0fa23a514113fe2e45278e31f98be98b1b133adacded8a5dae0860a0109a860f95e5f77ccd308eb71fdd6ee3e06f63f672c1141f87d7add8eec1cee0
eth_sendRawTransaction	0xf86d8086d55698372431831e8480940b05169977033095e722d4833099ed18d52cb4e68502540be40080824a92a0211538450b55c1cfac264d5fb51d9a8d587b2c1b4d3ed59bb5d46ca6b7668d1ca07f9869a77b0de4dfce41391f3e2da08ef1fbc7fcfbda518dbb759a0fd6ae3e27
eth_sendRawTransaction	0xf86d8086d55698372431831e8480940b05169977033095e722d4833099ed18d52cb4e68502540be40080824a92a055681e9c0eca65d7f60e151678a79abb9c96ebc967f48966c9ec39461f488cdba048e548ef4962dbe281c7a7fb4e04f7315a75b187dc45dc7cd992f725e998d19c
eth_sendRawTransaction	0xf86d8086d55698372431831e8480940b05169977033095e722d4833099ed18d52cb4e68502540be40080824a92a0dcd28956b3482c891fde71ea05f00c6da84abc318b8c94e266f5f653b564f77fa028a731b3cb01c3b7a57ba43f9f09d748699e4d54e0d30d5f838bbb8ea941946b
eth_sendRawTransaction	0xf86d8086d55698372431831e8480940b05169977033095e722d4833099ed18d52cb4e68502540be40080824a91a05f3bf99e8c044f47e1e703158055d76d598cff6815d9fae78358db74dee96aaea002973bd55b195cddef9e02e3bddaee9263a3199771a808e90db54fc71b614ed7
eth_sendRawTransaction	0xf86d8086d55698372431831e8480940b05169977033095e722d4833099ed18d52cb4e68502540be40080824a91a0e1422d2f81c7fff51ce420bfdfee2aca2e91acc7e202f00addc3a01cc57d5657a06284f48d412fade0ce081a1ab75058e330ef0bd12ab1c5da7db6dee972897944
eth_sendRawTransaction	0xf86d8086d55698372431831e8480940b05169977033095e722d4833099ed18d52cb4e68502540be40080824a91a03c29371fd4c6a2e32b81a0c03b40eda370b152354eb9736745e76c07d1cd1673a0187c108dba83713b693e3255f41acc31fdec1bd8066abcc0b8246469b25215bd
eth_sendRawTransaction	0xf86d8086d55698372431831e8480940b05169977033095e722d4833099ed18d52cb4e68502540be40080824a91a0049bf50622ff33daa016ec79246ee57367d33222d6c6e8bc6fe0730204e926a4a060618e4a0a5b2aa73febe8280916c9e37423b5a8cd2526a7e75c12eabcc5d83e
eth_sendRawTransaction	0xf86d8086d55698372431831e8480940b05169977033095e722d4833099ed18d52cb4e68502540be40080824a91a0da7172a5429374b9449146ab22c67e5923ca6d316c791c430aee410c45c90187a05b1e655d1fdff1d4b3386d6988d17fe2dbbe1dc0f02f1db7992861c276839209
eth_sendRawTransaction	0xf86d8086d55698372431831e8480940b05169977033095e722d4833099ed18d52cb4e68502540be40080824a92a04c59e15c2a0cbc09c44d58bf0b0c5a7cd9e9ad46fd59d4944df78a6d9d15a4aea040b375b694393df0d54b57e57c5ca8cfce587e6b07342fe4f1065c8aec0e09ff
eth_sendRawTransaction	0xf86d8086d55698372431831e8480940b05169977033095e722d4833099ed18d52cb4e68502540be40080824a91a0b4381142785587b96a98018b3480740a325ab41b0dd3a089438641d1977f5784a06e7b67129b2c78c1dabc63291d3aa6b63aebc18f2d9eb2d7ac7bfce8ea13eee7
eth_sendRawTransaction	0xf86d8086d55698372431831e8480940b05169977033095e722d4833099ed18d52cb4e68502540be40080824a92a04efc13f6817d3d77bf8ec4d12db23200736c57bce66e836e3f1705268f20ed5aa04b4217ae2b35596b7a2eda2633af9134251bf871e86c44058d37cfa589d0325e
eth_sendRawTransaction	0xf86d8086d55698372431831e8480940b05169977033095e722d4833099ed18d52cb4e68502540be40080824a92a09f96fb639b9e241bc12b38abeed403f9900b975ac2c973fffe54459baa0c8657a0669d9c2b93c15e8a87c07b8253308c83b5634241c1265b26625535fb4577e044
eth_sendRawTransaction	0xf86d8086d55698372431831e8480940b05169977033095e722d4833099ed18d52cb4e68502540be40080824a91a038cc15d38500462b99347eabc637734f473eac8f49ba1931d09c033d1b940fcba04967626c0d1929c4178c08d81271dbdf028a8593d39706a8b14cb5dfbc14dfd7
eth_sendRawTransaction	0xf86d8086d55698372431831e8480940b05169977033095e722d4833099ed18d52cb4e68502540be40080824a91a092958ba3b6c28f88fe2644f5a3ced2cef0823267e80dc9243b257300966f6a30a051fefab5dbb13f027fa4367feb5fc6cfb916336d9fba2f2ffaaadb0c1970b674
eth_sendRawTransaction	0xf86d8086d55698372431831e8480940b05169977033095e722d4833099ed18d52cb4e68502540be40080824a91a065896ed0f778b23661641fc7211cf8bec54b026e5a814af4d2f76bbf6042cea4a0655f0eeb9054e540ae31c80821d02714668d687833d863eb5ee55271b67358d8
eth_sendRawTransaction	0xf86d8086d55698372431831e8480940b05169977033095e722d4833099ed18d52cb4e68502540be40080824a91a0e100a8625e5623380e976cfb137997a6002ee59c5767a8c3db7948e4654fee7ea06a6483a16607bbc8da8c3b67dd94d174389f5d90b9bfe45c516875bc16a10895
eth_sendRawTransaction	0xf86d8086d55698372431831e8480940b05169977033095e722d4833099ed18d52cb4e68502540be40080824a91a034f9ecdf8506b2a4ee7e7874fee4fb874b0826bd2a0ed4424aa9ced500b59b55a005ae264023540edcbd86d3bff035bdb91d3eccc112807193087f91675d344d0d
eth_sendRawTransaction	0xf86d8086d55698372431831e8480940b05169977033095e722d4833099ed18d52cb4e68502540be40080824a91a0f6de678f33987accc9f560844a76a9ddbeb304773ce84b19b906dbae4caa5581a03a19741ff95d6abc226297242b0ccd9530b10bdabdc1d8331350c2d5e4c5066c
eth_sendRawTransaction	0xf86d8086d55698372431831e8480940b05169977033095e722d4833099ed18d52cb4e68502540be40080824a92a07aaad40871250edeff41e09555d38c75b6eb97e80abb8b0c38723bfd79224c58a070b7225019e258f2e70f8ed56bfd8616bb722502ea81b767a90cda03c5fe420b
eth_sendRawTransaction	0xf86d8086d55698372431831e8480940b05169977033095e722d4833099ed18d52cb4e68502540be40080824a91a02dc38fb99aae4c315fa31c051269d589c17565b543b51d98881e122ac0c4af6ea07626cbe407d4e102dcbf4d036cd2995f9204dfe42f31132d5f61c78cd17cfabd
eth_sendRawTransaction	0xf86d8086d55698372431831e8480940b05169977033095e722d4833099ed18d52cb4e68502540be40080824a92a0f8654ee7873749cbbef124f25f876e354d8fa67feecaf5dac3359c35b3aac215a025716c074628f30fe6d99e6d77578cebbe0e213d8d5d7c82fd684ca0089c857d
eth_sendRawTransaction	0xf86d8086d55698372431831e8480940b05169977033095e722d4833099ed18d52cb4e68502540be40080824a92a0315d97d64f7439676701b0d3297166093c3b57d1bf5ae5d250cdbe10f66e6331a0172d3c509b402e43d98b51ed7c8ec3ca0570992bff7a34f27ea11db23c3d935f
eth_sendRawTransaction	0xf86d8086d55698372431831e8480940b05169977033095e722d4833099ed18d52cb4e68502540be40080824a91a07f46f8bd571a0b0f320d5699cd46e9bc709dfb2c79658c35a89c67399de543eca0242365a26a9b27ee99e97be7ea77da34b8e7ca9483131fc3e2e4df504fb1dbd3
eth_sendRawTransaction	0xf86d8086d55698372431831e8480940b05169977033095e722d4833099ed18d52cb4e68502540be40080824a91a0b4c245f934e2dd2f8760c0bd0744c8fe34553144006d143afaac6348f38bbad5a040e655e561071558de3a03f8c9a0290909019714752d767fb06e3c7c5dd66a02
eth_sendRawTransaction	0xf86d8086d55698372431831e8480940b05169977033095e722d4833099ed18d52cb4e68502540be40080824a91a0b00a09fc4218a60b61676db060aa1336f192b46ded7fc825d12eb2be9875f165a012f7dc123fd870c4097bf48577c024f4dd3ffcb382f18662312fed4dabe10d17
eth_sendRawTransaction	0xf86d8086d55698372431831e8480940b05169977033095e722d4833099ed18d52cb4e68502540be40080824a91a0561c8fdb3eaca62732240fdac43254aa6447805cc0c69a3cadaa8bc67135af7ba06aa234f32cde8b53ac6499b90f46ec4736b3c9bcf62c31bd0c865b73f284da5f
eth_sendRawTransaction	0xf86d8086d55698372431831e8480940b05169977033095e722d4833099ed18d52cb4e68502540be40080824a91a05827cce25f620405fe584c857283d1d12c9e017db2c8ae859812ea53826f7b91a014ce7a60e14ee352596ff955a0506d0221095b8d6d1a519bd58bb132ec080dc4
eth_sendRawTransaction	0xf86d8086d55698372431831e8480940b05169977033095e722d4833099ed18d52cb4e68502540be40080824a92a06320adae9944c08b5c9a2c9593e532b034b905204b4719806fcbe13951c88f26a00d16cf3ec5edf85cce96f7e9a67a333b9248d6d28ea223cfdbb22eec7658de49
eth_sendRawTransaction	0xf86d8086d55698372431831e8480940b05169977033095e722d4833099ed18d52cb4e68502540be40080824a92a00863ad10a35182350786b3a60170eb11275f5498e35ceec7392edca14b836d7aa06b46494d8162c5553d2f2db96b9d593028f608f13ee926728e93bdd6fc700c7c
eth_sendRawTransaction	0xf86d8086d55698372431831e8480940b05169977033095e722d4833099ed18d52cb4e68502540be40080824a91a0a0c52dea1e705c1528ddaec7a4a74b81b146ca85811f8b60b4fa73289fe853faa01f99a86f32aaf736cf8ffd779c3d06eb4d33253373557bb85fe11a1b2428f0f9
eth_sendRawTransaction	0xf86d8086d55698372431831e8480940b05169977033095e722d4833099ed18d52cb4e68502540be40080824a92a00699f4f69837ecc735bfb9aee6d3e8ccc4b87b74e9ab3e5ec2d485467971b080a030d362f70ad9757f70467ee07a994e23dd551112f153f2326979752e310ed4ca
eth_sendRawTransaction	0xf86d8086d55698372431831e8480940b05169977033095e722d4833099ed18d52cb4e68502540be40080824a91a01d7144987027f8149b70d2643d1a17fdbdc27cdf9d2d873d13674f3253be4e11a01b15b4768fd156b5ff982dbe13d4cd858d64a0fd6c25c2d4f351e84a3c740469
eth_sendRawTransaction	0xf86d8086d55698372431831e8480940b05169977033095e722d4833099ed18d52cb4e68502540be40080824a91a0c049e9b5b6b6bcae66c8a9e22b688a73a109a96aa52721b552a33e0496da427ea0219c0f22c44497d52f29c0d9fc7ab9fe5122cb040d137e44bf6524a962d54f2d
eth_sendRawTransaction	0xf86d8086d55698372431831e8480940b05169977033095e722d4833099ed18d52cb4e68502540be40080824a91a0149a6de3edf898747ad541b7a93d36d3683bb980901e02e84be8f01cf2003004a03b8917af05f547ce8f88b1b89b10a3829e5506192b529c77cb50731b575df528
eth_sendRawTransaction	0xf86d8086d55698372431831e8480940b05169977033095e722d4833099ed18d52cb4e68502540be40080824a92a0395bbd6742121385cdb3ed936ca62162d6b3bffb1ffde9172e92b1c26455e523a03dd82a06450e1573f1b4575cc1e096ce0d02fb5b0d089a61f296ca37acb85e42
eth_sendRawTransaction	0xf86d8086d55698372431831e8480940b05169977033095e722d4833099ed18d52cb4e68502540be40080824a91a0351d6d78407583efa42d07fe7bcdab6ad094ca5c31d69a234dc5980ffd287c86a01f0409e338707d704fabdc81ec888d88c7c2161d89333c652259e868e781152b
eth_sendRawTransaction	0xf86d8086d55698372431831e8480940b05169977033095e722d4833099ed18d52cb4e68502540be40080824a92a094a6f7ddf9fd69f44ae70959bdbcd018222258273281ce512255f3ae6b479e13a07eb49490b13ea754bff49f87953c55db5a4c7fe527983e77972b085e59741380
eth_sendRawTransaction	0xf86d8086d55698372431831e8480940b05169977033095e722d4833099ed18d52cb4e68502540be40080824a91a0cb20974d0c263c10844361b2f1a49b1732749e9c0d261e586ddfd710d71c55f5a07adfaf710ee3a8258ac2d95d6de08dcd8818295c96677da234acd920b24b6ae2
eth_sendRawTransaction	0xf86d8086d55698372431831e8480940b05169977033095e722d4833099ed18d52cb4e68502540be40080824a92a0f8aaff280b1c787e86ddb9b17529f835e9a44b644dfa8ac1048bf87b09dc0a97a05b6d3720deef8e55bc7b6959cf384326f952729c3a32c8eedd19d3c5b09fec45
eth_sendRawTransaction	0xf86d8086d55698372431831e8480940b05169977033095e722d4833099ed18d52cb4e68502540be40080824a92a066299ed987345e1958c3b3984820256517411cf7d958fff2a42d4a233e096e4da0468b27c784d5e3d3db5445ccf3a5cc86592ab1385f4f75801ab97fffb6dc5253
eth_sendRawTransaction	0xf86d8086d55698372431831e8480940b05169977033095e722d4833099ed18d52cb4e68502540be40080824a92a08cadd4d876490861509c6032b86c86c0a686d60a83dcaef9a5fb014230a638c1a07f16a54e4aa722f59f18e2b1b0710cb38de9856160e1c3554797c25136b7c154
eth_sendRawTransaction	0xf86c8086d55698372431831e8480940b05169977033095e722d4833099ed18d52cb4e68502540be40080824a91a0fb834f11ab99a36509bbe5faab3c6bc01a1ab4769d28ba36408a155cddf957169f2b655a9e8b54445ec8ea1653de18f778a503b1b9273d98f4fe9fbea646619a
eth_sendRawTransaction	0xf86d8086d55698372431831e8480940b05169977033095e722d4833099ed18d52cb4e68502540be40080824a92a079d340690c915d53eb03783f97777905c55bf1468ee22f6b42ef96bda2d24cdba02b516f5860009be91135dbebd530e81a2b588835c1be263062e2842d9400203b
eth_sendRawTransaction	0xf86d8086d55698372431831e8480940b05169977033095e722d4833099ed18d52cb4e68502540be40080824a91a018cdde17eb253d7f5be5128224154a501a22041b43cec364aa146b3e4fb904c3a0034c0b96c7cf267f90843bd3ed7fb2ba532d0a0daee46072be5945567c18e379
eth_sendRawTransaction	0xf86d8086d55698372431831e8480940b05169977033095e722d4833099ed18d52cb4e68502540be40080824a91a0961433ea0e35b2b86126691b9e1d6785bba008112de0303da2542408f1807752a049862cf6fd323c152c3e7d5a0e9fa3565d7cc9183f99f8882dbfb35a1aab2254
eth_sendRawTransaction	0xf86d8086d55698372431831e8480940b05169977033095e722d4833099ed18d52cb4e68502540be40080824a91a05f0c0e91369e76578a26b3d70e1e0acb19bc566c096de214bfdab453f0b7347ea02eeb9d7e026016d71b47b95d070961417d74cbf9b9c9187a75250ec3a9fc2a07
eth_sendRawTransaction	0xf86d8086d55698372431831e8480940b05169977033095e722d4833099ed18d52cb4e68502540be40080824a92a0edfd2d34e71af1c9143c3a383e7a9de3ee7b56752467a9e031d7623c58823bb6a075befebd071bb8aad1635eac29ac3511edc413f4bf2a3915387b7773e5624321
eth_sendRawTransaction	0xf86d8086d55698372431831e8480940b05169977033095e722d4833099ed18d52cb4e68502540be40080824a91a0f1571532297e9244ed9c684e58e67644a7696e73049ed9ba5835e1d6c61f224da0479e9d55a0ee6a6cf98fa2509d5c0d27ac1c35b9244e26ccffb85d8edb39791c
eth_sendRawTransaction	0xf86d8086d55698372431831e8480940b05169977033095e722d4833099ed18d52cb4e68502540be40080824a92a0937e6c204289676e48e13eb0eb2dde547cab3844e106197ae0753d9445ce39aca031c9a321b1932b0fd289cb18af9576ed6a5b042615bc31230cd5f69d1a0cd26f
eth_sendRawTransaction	0xf86d8086d55698372431831e8480940b05169977033095e722d4833099ed18d52cb4e68502540be40080824a92a0cf50f0865c336e65ee01c38994fe0cbcfd7bb33398cf64c56c17290bfc08a52ba057ea8b7d37389dbea1b8ffd1d271445dc7e64cee40178a8308cf5ad62955330c
eth_sendRawTransaction	0xf86d8086d55698372431831e8480940b05169977033095e722d4833099ed18d52cb4e68502540be40080824a92a03ae8233ef486631a0c1948e87122b94b785d5d0b9d660a4444b57828478871e2a04116a6d84e06a5c6afb24c81aeaa83b21ef6d695e2ff064f3608beebdbbf187f
eth_sendRawTransaction	0xf86d8086d55698372431831e8480940b05169977033095e722d4833099ed18d52cb4e68502540be40080824a91a0a2642d8a2331e24858073ccdf17b635bd2b02f13a5692f90356887d387d044c8a012556cfbb60f43c959e8dd024d4d7a71b82819b204a3ba719986fadd8056aff4
eth_sendRawTransaction	0xf86d8086d55698372431831e8480940b05169977033095e722d4833099ed18d52cb4e68502540be40080824a92a02aaa652afa863c24f069b9f90075dc211044d21a30b0d4e27026aa27635e1e2ca01e237398c0272c6e911dc0e81e396eaa31563694bbd71f2e06fa4a3114a0d55c
eth_sendRawTransaction	0xf86d8086d55698372431831e8480940b05169977033095e722d4833099ed18d52cb4e68502540be40080824a92a07789f9337b16c214e070260650892aebfa20ae0ad3cccde914a972023badb48aa04849ab93716b1867e838cd68094bafb6dbb75aba593b3d4cdd6909fef4936676
eth_sendRawTransaction	0xf86d8086d55698372431831e8480940b05169977033095e722d4833099ed18d52cb4e68502540be40080824a92a004dd1a85bac95520d95406f8b5cf9a43a1c7b5d1732d271e5ba6168d22620edda05cb1b0460ae377484a434e14e49af8984a5fa632225d909890a9f727bf0fb23c
eth_sendRawTransaction	0xf86d8086d55698372431831e8480940b05169977033095e722d4833099ed18d52cb4e68502540be40080824a92a02b469faa944e4dfc88036780d0a65caebe33d23db54fb05f559e0ad6245f19ada045dcbb288db21c732a7d607f66570ccb861d733752cd54d9233085f78a9f9e7c
eth_sendRawTransaction	0xf86d8086d55698372431831e8480940b05169977033095e722d4833099ed18d52cb4e68502540be40080824a92a0a67609d52719a8ecd5cce93bfbbcd559d9207fda3673c58e6ab06bb54cebb37fa07330bdfd787a6e6c8a9d5fe891d441abe42059c78b3c2c2001bf7ebbe2afceab
eth_sendRawTransaction	0xf86d8086d55698372431831e8480940b05169977033095e722d4833099ed18d52cb4e68502540be40080824a92a02946ea06f48b61c69cab9fb9def831a45d4382647af7307b7f3841dd83c211e3a00166225ac89014425a14a71665d660ebd3defd3ec9d5bb352392402d216f3bf7
eth_sendRawTransaction	0xf86d8086d55698372431831e8480940b05169977033095e722d4833099ed18d52cb4e68502540be40080824a92a015440867ad6ffc1b59abf1b62b5f63450b5431be81e12d6d13de963542e21a37a046ae6d02e544c479e2e25d53cdfe85cd73834f99207245fe331bbcee2fe1004c
eth_sendRawTransaction	0xf86d8086d55698372431831e8480940b05169977033095e722d4833099ed18d52cb4e68502540be40080824a92a001daedf556006c9054adf77389fabbd1b896c56609ffd0ddf9cd602bcb78f02aa020b2b1077ba4d27f2eed6d144cfd0bc40f6fad51fc697a274f6be4c0378bfaf5
eth_sendRawTransaction	0xf86d8086d55698372431831e8480940b05169977033095e722d4833099ed18d52cb4e68502540be40080824a92a03f69e622e227cf9004bf513beea43583be709cff7fe0afe0ed3a905a0040c8bea045990f1185d28849c9985012ca34892f0d3102da1fc75a9a7cefb62552b26419
eth_sendRawTransaction	0xf86d8086d55698372431831e8480940b05169977033095e722d4833099ed18d52cb4e68502540be40080824a91a0fe2772b4eca2ef891ce4c13402716606a999dd42c005f89ca6a1d69816b73204a0335503770e8467a170c02279e5d6f62426e1f987791a5966c5fd45797f5d45de
eth_sendRawTransaction	0xf86d8086d55698372431831e8480940b05169977033095e722d4833099ed18d52cb4e68502540be40080824a91a04472e1fa4ea8fd8f3963250fbac9f07c4963c2bf37fce127fbe56c0f5b918901a00d7ec0fc569a1e8b76e6138677eb03ea9227f430727efc05740ccd5fb4f56368
eth_sendRawTransaction	0xf86d8086d55698372431831e8480940b05169977033095e722d4833099ed18d52cb4e68502540be40080824a92a0c71b4785367735e0205645eb223d79c3c22a06d3fc2f1fcedfcfcc5daabb3abaa06229d90a22e25cc9ced92f8203197e818bd82c9800ed9e32656edd29c9ecf300
eth_sendRawTransaction	0xf86d8086d55698372431831e8480940b05169977033095e722d4833099ed18d52cb4e68502540be40080824a92a06c586277407d742c78f06faf85ce307ff968856ed306bc2bd963e65f62ca0ba1a005a9509dbc1573dcf7daba4d6e6a5bcb65b0373feb45241ae702c1ffe891641c
eth_sendRawTransaction	0xf86d8086d55698372431831e8480940b05169977033095e722d4833099ed18d52cb4e68502540be40080824a91a00cc7cea23ce29e4f53e37ec5ee306899c05cd19fa010056620f64f2a9059d074a00ed51a0bdb3f752295daec13b677253dd86717bd582b25c4cae6a9570e2b3e39
eth_sendRawTransaction	0xf86d8086d55698372431831e8480940b05169977033095e722d4833099ed18d52cb4e68502540be40080824a92a0258a6f30e474f10b455ad31e7e9ac6c3c036c27269a97328e47e1129a5097ac1a05f6643d0c3b66005371a08da7dd46981bcce506109e64699f581515b69733c14
eth_sendRawTransaction	0xf86d8086d55698372431831e8480940b05169977033095e722d4833099ed18d52cb4e68502540be40080824a91a04c85c24a29190cae345c6d394b3355df313632afe7154bdb0a85f88de345b4a1a0680dcc2cf828c8f5203d2b14a038d6f930ff3aee7b86e574c42da4dbc0f931af
eth_sendRawTransaction	0xf86d8086d55698372431831e8480940b05169977033095e722d4833099ed18d52cb4e68502540be40080824a91a015897415f011503674fc7820411e14017722a2bb7fcb20472ebb7e524839736ca0630d099d72ff0b7af0b3dc81fb720229020400b2448da3a65d3e5435ce08cde3
eth_sendRawTransaction	0xf86d8086d55698372431831e8480940b05169977033095e722d4833099ed18d52cb4e68502540be40080824a91a0b00c04caf87a139a0d0cf4e384d843ab236ea03ff6001d0cd5bd95e56e41a2c4a06503f4909f362764afcdf9eca623640f2572681b64fc4e25067cec4c1d694cc1
eth_sendRawTransaction	0xf86d8086d55698372431831e8480940b05169977033095e722d4833099ed18d52cb4e68502540be40080824a91a06967638a3db0009ff4af7cb9829619eaaf4d43d30ab7ce93d90845d54202be4aa03f5dc522aa8d36ca97bd6fe82fec4d486ac5b98b252c5cac2db918d982ff34f9
eth_sendRawTransaction	0xf86d8086d55698372431831e8480940b05169977033095e722d4833099ed18d52cb4e68502540be40080824a91a005860d72a57f902cb77a0033c7de17d725245e4e5eb4c5bbba7c6def72e3b52da06a2c0987bd48dabebce963ffc1607c6084b4e4eecf1b6ca0d14d0ed0a7e7a0a2
eth_sendRawTransaction	0xf86d8086d55698372431831e8480940b05169977033095e722d4833099ed18d52cb4e68502540be40080824a92a0a7084c449b711e6b0263a190ab4b91355c43211a7fd5588f2de239eed19fd7fea01344f9f00dd557b9273a834ee859f66e301632b52542cc6c7045cdda8c43d7ee
eth_sendRawTransaction	0xf86d8086d55698372431831e8480940b05169977033095e722d4833099ed18d52cb4e68502540be40080824a92a0a256bad33f24301aed0293807025d1f9aa8fa3068d306ede3bae15066bd590eaa05c5cc9c325a42b8b4fbae96de73d8adcede74e6758618b54b6715f43b74da184
eth_sendRawTransaction	0xf86d8086d55698372431831e8480940b05169977033095e722d4833099ed18d52cb4e68502540be40080824a92a0d1664fe5ee63f06fe52aed3fc19fceb577503ed1d44cd014a1832e4c3fa64355a055d7cdf5a6a81e72e005a9b52ec2466437595ba080755c66cf1e511ff5c57349
eth_sendRawTransaction	0xf86d8086d55698372431831e8480940b05169977033095e722d4833099ed18d52cb4e68502540be40080824a92a0c1798a9581d39b6ca07255440505bdddc3d4f1c3133642dee7da41d178adbba7a0381520ff265d715e39fd43aa9d506855aa359d8a76692496efed3dd8112c9255
eth_sendRawTransaction	0xf86d8086d55698372431831e8480940b05169977033095e722d4833099ed18d52cb4e68502540be40080824a91a09730ff1e7222d5b4b985137521c09895e4688af471f88b8d2c04ff7d8da77cc2a066fba54008e03f5a05fd4d73a29a5f040e0c23c5f4126dc2fc130fb21bf16fa8
eth_sendRawTransaction	0xf86d8086d55698372431831e8480940b05169977033095e722d4833099ed18d52cb4e68502540be40080824a91a05716b896deffc8df1ba9ae8e62b4e9575236088df1b0b7da86a34e043b872488a01a4317b51575b68af2b97cebb04569d9bad5c4437e400f2adbc260a30ee5f2fc
eth_sendRawTransaction	0xf86c8086d55698372431831e8480940b05169977033095e722d4833099ed18d52cb4e68502540be40080824a92a09464669118607ba02f58dc2696e5e49cffabe631734fd5b46f719852b5049f709fc0c7dff7e01a2ff6da62ce24432ad1bc15135881ee5d06eb21ea2f73052656
eth_sendRawTransaction	0xf86d8086d55698372431831e8480940b05169977033095e722d4833099ed18d52cb4e68502540be40080824a91a00b4135232e72ea7030fc441443f91e806ae3c6af64063304fdcc0848abdd9208a046d2e677c9a038e8eb216ee730a7bae3906c3edd37fb27af9600073fb9796844
eth_sendRawTransaction	0xf86d8086d55698372431831e8480940b05169977033095e722d4833099ed18d52cb4e68502540be40080824a91a0b1836b280c693f44a589f980143ca29524b81f24a0c8d74449d40522320e138ca06f6e894b7392a621ac399112276a105ff5846ea2bb3056a82780826611bc11cf
eth_sendRawTransaction	0xf86d8086d55698372431831e8480940b05169977033095e722d4833099ed18d52cb4e68502540be40080824a92a050627a9e700d8cd833e218a91665941fff4a4bd90f269f3ec3723a644b0ef8f0a04ba5e32f5905562cfd1e9736b7d9fdbb6f0af0382bd26fff7716ecc92365bce4
eth_sendRawTransaction	0xf86d8086d55698372431831e8480940b05169977033095e722d4833099ed18d52cb4e68502540be40080824a91a0091d87db476a3521a4f80d140a9205fd7dfdc78bdfd6f0c74f4e735055e61691a00aab04d39bf2b7558966f32b7aa2379ebda712dfd9c823d277f9c7bfd74ef87b
eth_sendRawTransaction	0xf86d8086d55698372431831e8480940b05169977033095e722d4833099ed18d52cb4e68502540be40080824a92a0f352496fb938c89908a108707989a586ac35b695ebe444593da4a5744d58f3cda0120c671a3689897b3e3a27d21a58aa943468ec21fd739c6a10bf6e4bf98b1241
eth_sendRawTransaction	0xf86d8086d55698372431831e8480940b05169977033095e722d4833099ed18d52cb4e68502540be40080824a92a0bb8d389358d37a74826c300d8ff1ceeb73ead8d232aebb0704de21dfb5588c17a046ad832a15bf383f487b57c739fa4c2f3853023ab8e692253742b1f7009f97d1
eth_sendRawTransaction	0xf86d8086d55698372431831e8480940b05169977033095e722d4833099ed18d52cb4e68502540be40080824a92a074336fd66553228b84ca295cac9cdb61186ebcfa4f42e908a4f33af55db2fd4da077baf887337b69bca7b53f0a251e989dc24491a6bc0f686a8398f738a6f750f2
eth_sendRawTransaction	0xf86d8086d55698372431831e8480940b05169977033095e722d4833099ed18d52cb4e68502540be40080824a91a052767a8ddfcd966ede9867b71c9947d0f4b42c1898dc1eebe40290f253eb3fdba008768ea64c745dfab69b82fc4e6809e7ba53f1b7468d44df35e7ef1a0bc4dcf5
eth_sendRawTransaction	0xf86d8086d55698372431831e8480940b05169977033095e722d4833099ed18d52cb4e68502540be40080824a91a016a7e814707b3ab331e9b3e34bb46f56ee87eeb18b3fdee4aeebf3502eb1983fa05fafca3a5aea4998a6ec9d33f66c5ab2675780426b0409d6347010672157253d
eth_sendRawTransaction	0xf86d8086d55698372431831e8480940b05169977033095e722d4833099ed18d52cb4e68502540be40080824a91a0d3bfa05bf82cb462c1e3f6fe0d473901de06527cc50b90ee1143c5607bd4f66ea0665df42490bfc18c808179cf0a143ca236b454068e29c81a24374e742eff73ca
eth_sendRawTransaction	0xf86d8086d55698372431831e8480940b05169977033095e722d4833099ed18d52cb4e68502540be40080824a91a08e840d1ed01ee228bce9adc30b9d4a2db8ae9bf3ddceacdd681b0060bbb40db7a026b9fca67d41d11b3faad0434e3ccce890e8628d2fc3e6160bb1118ac8139cb2
eth_sendRawTransaction	0xf86d8086d55698372431831e8480940b05169977033095e722d4833099ed18d52cb4e68502540be40080824a91a0c808c5a99fdd09192296cb95717fe0e99235e21e717a54cd66a734094f531277a044dfbc1a52d888317366d535ce744ee57128af231508f63ec19fac2a29099c5a
eth_sendRawTransaction	0xf86d8086d55698372431831e8480940b05169977033095e722d4833099ed18d52cb4e68502540be40080824a91a0cbee07a3e1706e174a05a74a1fe747b848b230345d0831d6589ba8d2ab235135a077c724fee9566ea478f6bbce249facb45c3480f224f4190eedb3f865bc0b9fb4
eth_sendRawTransaction	0xf86d8086d55698372431831e8480940b05169977033095e722d4833099ed18d52cb4e68502540be40080824a91a05cc2e7b9a5ee3293c8bd73ba738c343df6a7ab0443f299023c2908ddbc3a1f0fa03fab32fa92469cfabd60808991ef586f52dd00f8ab4cff4da557fbd31573c813
eth_sendRawTransaction	0xf86d8086d55698372431831e8480940b05169977033095e722d4833099ed18d52cb4e68502540be40080824a91a07d1465de1bfd4e95c97f3000fccc0bd04c12d6499f8d4db431a9a021db2cc6e3a04896c09e940cf8e3fd08b13709d85b29942ac13d594af0a62ce2d5f9b727a1a2
eth_sendRawTransaction	0xf86d8086d55698372431831e8480940b05169977033095e722d4833099ed18d52cb4e68502540be40080824a91a011fff82bbea87b7883533e006da371d7dd5f17ab1d6f33935ba2549dc8fa9081a03269e59ed62782d07b66ecb23461fb9484ae5a972c62db690cb01dc949748856
eth_sendRawTransaction	0xf86d8086d55698372431831e8480940b05169977033095e722d4833099ed18d52cb4e68502540be40080824a91a0de8b9e08cbb58dd4fd9627d5400fa36107152e9a9814b18634ed22003b94757ca00e5bccba568a5923fa8edb0f87b3c1d4cc5deef883012bfc991982d75015cb01
eth_sendRawTransaction	0xf86d8086d55698372431831e8480940b05169977033095e722d4833099ed18d52cb4e68502540be40080824a92a07fa6c69403fc2a03305f80cccf326ab53ec42f677ef13efbacbe43a19eb7b75ca04ec8a09dcf10d66d9def40fd9e4d68c1b09dbd769644a1321b7c738bf584f8a2
eth_sendRawTransaction	0xf86d8086d55698372431831e8480940b05169977033095e722d4833099ed18d52cb4e68502540be40080824a92a0f60b7056af48c46ba72bc326e5895ce1eb86b2a1362d50df84ed5bac4c1a4919a003429a75b738473619d2f0d908e047e279567ceb544a60d32dc2875539b5ddf9
eth_sendRawTransaction	0xf86d8086d55698372431831e8480940b05169977033095e722d4833099ed18d52cb4e68502540be40080824a92a0ae559feb0c0adffd3c92ac2fa009e33b12db95d35c5035c91f946f8941ca3e69a03ace006ec5aedb1413e3bd62af839f8dc95ca818c7b0ef2b23929a4619a4703a
eth_sendRawTransaction	0xf86d8086d55698372431831e8480940b05169977033095e722d4833099ed18d52cb4e68502540be40080824a91a00c40340acdc0adaaea7f91c280f1bc72cdfa26abd975a29611a609499f046c10a050b93f801079b40f03d624669e4dc67e4580d96e9d028a2a9c5f3930a9b20ca9
eth_sendRawTransaction	0xf86d8086d55698372431831e8480940b05169977033095e722d4833099ed18d52cb4e68502540be40080824a92a04599600369b968bbb8f6593da7d931deda107abb675c00e19b312d4018f3061aa07fa35836622d9cfd89c1f86518a3cdc9cd695bfa117d7e71d4c49a53f8a45402
eth_sendRawTransaction	0xf86d8086d55698372431831e8480940b05169977033095e722d4833099ed18d52cb4e68502540be40080824a91a004bc2a49bb36cb6b3a8ba29e78d3841640d139a641cd545fe5fe3e3acb7f8788a0313bd156e6da9eace6e156b79dc6f2c63c0c90c4f90db0094438ce5211d81fb8
eth_sendRawTransaction	0xf86d8086d55698372431831e8480940b05169977033095e722d4833099ed18d52cb4e68502540be40080824a92a0e8bec7e83ef399864a029fa3758fc53a0ba554e85cc6e5c5eb2d9dc409d7b6c1a01cae81bea72577a712f3946d9354eea6deb75bcd47e07c5a469906c1805009b3
eth_sendRawTransaction	0xf86d8086d55698372431831e8480940b05169977033095e722d4833099ed18d52cb4e68502540be40080824a92a04c564ca610d0e5cda1bcbdd19b445032eeb1727c7a2858a4d75e1c388c64588ca0101bd38adc2c54e6fdbc392fa91043129c450ae3b81848257d8ba9c5b80f4999
eth_sendRawTransaction	0xf86d8086d55698372431831e8480940b05169977033095e722d4833099ed18d52cb4e68502540be40080824a91a0b587b0e1236fb93f6169e7c607afc409c561614fc147ea620c1063ea02d817a2a03af3347607a0cd4f2c56ac30c0177c4b57855f815d22c17434bbfac304ca0cbf
eth_sendRawTransaction	0xf86d8086d55698372431831e8480940b05169977033095e722d4833099ed18d52cb4e68502540be40080824a91a021b5d1a24bf591d96fb58675429b18f5da756362d190e4de7609c1787e1ff2dba05c5a1f8ecac3ee0737bb087ec5abc2fbc949909b64e8e54bafcc3478d3de0135
eth_sendRawTransaction	0xf86d8086d55698372431831e8480940b05169977033095e722d4833099ed18d52cb4e68502540be40080824a91a01a3dd5c3b856049ce2428a638f89868c8a08119b857a66715055a0e89b0ff6b6a07e8f0fb1515bd2fe83b8e5265821389ae7b9b62337cf85821385259e3e83a3b5
eth_sendRawTransaction	0xf86d8086d55698372431831e8480940b05169977033095e722d4833099ed18d52cb4e68502540be40080824a92a0db19640552010cdca2933e272ce2f05eefd99879fee9a32da898d80b593ce0dda06260a6d67e2d954891dfa97b29b87d13ab390f9f18a2fed9bae4e03172fc8276
eth_sendRawTransaction	0xf86d8086d55698372431831e8480940b05169977033095e722d4833099ed18d52cb4e68502540be40080824a91a098ee6de71f99168aa4ca5f3e01d2bdeebb4942705f8bd5f69dc527bc3cc7da85a046835e0bba7ad0ce7768a97f6bbca3188196d41ceddaee2496f8e068c083f37f
eth_sendRawTransaction	0xf86d8086d55698372431831e8480940b05169977033095e722d4833099ed18d52cb4e68502540be40080824a92a09ee3c328ca25950bf0be8dfead2cd3553e472880c6299f2ef07b1bc4f4aa549ca079f36303f4de3e0ebed2c70c1bc6a4b225db8485a8150632373d021e64f2807c
eth_sendRawTransaction	0xf86d8086d55698372431831e8480940b05169977033095e722d4833099ed18d52cb4e68502540be40080824a91a03aa4611340ce4c15a0550166f4c90fe2b986f008ef9409c99e4907612fc0f697a01e2de3e11df84f77ff0cd4548904acdb15520f472a12324c020eb85ecf503639
eth_sendRawTransaction	0xf86d8086d55698372431831e8480940b05169977033095e722d4833099ed18d52cb4e68502540be40080824a91a0b4a6025148d2228eead9fd419be18a1ada49b6b5597e5c2933d93f5d6396eb93a064123a47dfe9674a333b0b22e02302712e1973303d7fa6ed33a8d74248605736
eth_sendRawTransaction	0xf86d8086d55698372431831e8480940b05169977033095e722d4833099ed18d52cb4e68502540be40080824a91a06df409d089d5b6ab152c7949ce31fc129f8afd5a0cc9df05615acf61de964621a04ccbf710e690184dda42dac7810bfd82b8643dab911af415b8420294a2e27447
eth_sendRawTransaction	0xf86d8086d55698372431831e8480940b05169977033095e722d4833099ed18d52cb4e68502540be40080824a91a0a32364ef2a3b161ceb0f50053c9afc2cb79269c184a3ec708c52ba9713c3192ca03fa384f8d7e15229f4407a0253fe24a43963cd6db61e9a9e840e9e2994ca084a
eth_sendRawTransaction	0xf86d8086d55698372431831e8480940b05169977033095e722d4833099ed18d52cb4e68502540be40080824a92a09b1918ea6ffd61e883d75bd90566f6c765e3df78948754a06686bb08b08a9bfca003b20657d48d85c9e538f56027150da00024d7946c3e4f598dcd05688a5f89e7
